This is pdfTeX, Version 3.141592653-2.6-1.40.29 (MiKTeX 26.5) (preloaded format=pdflatex 2026.8.23)  7 OCT 2026 19:40
entering extended mode
 restricted \write18 enabled.
 %&-line parsing enabled.
**./master.tex
(master.tex
LaTeX2e <2026-06-01>
L3 programming layer <2026-07-20>

(C:\Users\samin\AppData\Local\Programs\MiKTeX\tex/latex/els-cas-templates\cas-d
c.cls
Document Class: cas-dc 2024/05/04, 2.4: Formatting class for CAS double column 
articles
\c@blind=\count276
\@bls=\dimen150
(C:\Users\samin\AppData\Local\Programs\MiKTeX\tex/latex/base\article.cls
Document Class: article 2025/01/22 v1.4n Standard LaTeX document class
(C:\Users\samin\AppData\Local\Programs\MiKTeX\tex/latex/base\fleqn.clo
File: fleqn.clo 2016/12/29 v1.2b Standard LaTeX option (flush left equations)
\mathindent=\skip49
Applying: [2015/01/01] Make \[ robust on input line 50.
LaTeX Info: Redefining \[ on input line 51.
Already applied: [0000/00/00] Make \[ robust on input line 62.
Applying: [2015/01/01] Make \] robust on input line 74.
LaTeX Info: Redefining \] on input line 75.
Already applied: [0000/00/00] Make \] robust on input line 83.
)
(C:\Users\samin\AppData\Local\Programs\MiKTeX\tex/latex/base\size10.clo
File: size10.clo 2025/01/22 v1.4n Standard LaTeX file (size option)
)
\c@part=\count277
\c@section=\count278
\c@subsection=\count279
\c@subsubsection=\count280
\c@paragraph=\count281
\c@subparagraph=\count282
\c@figure=\count283
\c@table=\count284
\abovecaptionskip=\skip50
\belowcaptionskip=\skip51
\bibindent=\dimen151
)
(C:\Users\samin\AppData\Local\Programs\MiKTeX\tex/latex/graphics\graphicx.sty
Package: graphicx 2026-05-17 v1.2e Enhanced LaTeX Graphics (DPC,SPQR)

(C:\Users\samin\AppData\Local\Programs\MiKTeX\tex/latex/graphics\keyval.sty
Package: keyval 2026-05-17 v1.15 key=value parser (DPC)
\KV@toks@=\toks17
)
(C:\Users\samin\AppData\Local\Programs\MiKTeX\tex/latex/graphics\graphics.sty
Package: graphics 2026-05-17 v1.4h Standard LaTeX Graphics (DPC,SPQR)

(C:\Users\samin\AppData\Local\Programs\MiKTeX\tex/latex/graphics\trig.sty
Package: trig 2023/12/02 v1.11 sin cos tan (DPC)
)
(C:\Users\samin\AppData\Local\Programs\MiKTeX\tex/latex/graphics-cfg\graphics.c
fg
File: graphics.cfg 2016/06/04 v1.11 sample graphics configuration
)
Package graphics Info: Driver file: pdftex.def on input line 106.

(C:\Users\samin\AppData\Local\Programs\MiKTeX\tex/latex/graphics-def\pdftex.def
File: pdftex.def 2025/09/29 v1.2d Graphics/color driver for pdftex
))
\Gin@req@height=\dimen152
\Gin@req@width=\dimen153
) (C:\Users\samin\AppData\Local\Programs\MiKTeX\tex/latex/amsmath\amsmath.sty
Package: amsmath 2026/05/19 v2.18d AMS math features
\@mathmargin=\skip52
For additional information on amsmath, use the `?' option.
(C:\Users\samin\AppData\Local\Programs\MiKTeX\tex/latex/amsmath\amstext.sty
Package: amstext 2024/11/17 v2.01 AMS text

(C:\Users\samin\AppData\Local\Programs\MiKTeX\tex/latex/amsmath\amsgen.sty
File: amsgen.sty 1999/11/30 v2.0 generic functions
\@emptytoks=\toks18
\ex@=\dimen154
))
(C:\Users\samin\AppData\Local\Programs\MiKTeX\tex/latex/amsmath\amsbsy.sty
Package: amsbsy 1999/11/29 v1.2d Bold Symbols
\pmbraise@=\dimen155
)
(C:\Users\samin\AppData\Local\Programs\MiKTeX\tex/latex/amsmath\amsopn.sty
Package: amsopn 2022/04/08 v2.04 operator names
)
\inf@bad=\count285
LaTeX Info: Redefining \frac on input line 233.
\uproot@=\count286
\leftroot@=\count287
LaTeX Info: Redefining \overline on input line 398.
LaTeX Info: Redefining \colon on input line 409.
\classnum@=\count288
\DOTSCASE@=\count289
LaTeX Info: Redefining \ldots on input line 495.
LaTeX Info: Redefining \dots on input line 498.
LaTeX Info: Redefining \cdots on input line 619.
\Mathstrutbox@=\box53
\strutbox@=\box54
LaTeX Info: Redefining \big on input line 721.
LaTeX Info: Redefining \Big on input line 722.
LaTeX Info: Redefining \bigg on input line 723.
LaTeX Info: Redefining \Bigg on input line 724.
\big@size=\dimen156
LaTeX Font Info:    Redeclaring font encoding OML on input line 742.
LaTeX Font Info:    Redeclaring font encoding OMS on input line 743.
\macc@depth=\count290
LaTeX Info: Redefining \bmod on input line 904.
LaTeX Info: Redefining \pmod on input line 909.
LaTeX Info: Redefining \smash on input line 939.
LaTeX Info: Redefining \relbar on input line 969.
LaTeX Info: Redefining \Relbar on input line 970.
\c@MaxMatrixCols=\count291
\dotsspace@=\muskip17
\c@parentequation=\count292
\dspbrk@lvl=\count293
\tag@help=\toks19
\row@=\count294
\column@=\count295
\maxfields@=\count296
\andhelp@=\toks20
\eqnshift@=\dimen157
\alignsep@=\dimen158
\tagshift@=\dimen159
\tagwidth@=\dimen160
\totwidth@=\dimen161
\lineht@=\dimen162
\@envbody=\toks21
\multlinegap=\skip53
\multlinetaggap=\skip54
\mathdisplay@stack=\toks22
LaTeX Info: Redefining \[ on input line 2965.
LaTeX Info: Redefining \] on input line 2966.
)
(C:\Users\samin\AppData\Local\Programs\MiKTeX\tex/latex/amsfonts\amsfonts.sty
Package: amsfonts 2013/01/14 v3.01 Basic AMSFonts support
\symAMSa=\mathgroup4
\symAMSb=\mathgroup5
LaTeX Font Info:    Redeclaring math symbol \hbar on input line 98.
LaTeX Font Info:    Overwriting math alphabet `\mathfrak' in version `bold'
(Font)                  U/euf/m/n --> U/euf/b/n on input line 106.
)
(C:\Users\samin\AppData\Local\Programs\MiKTeX\tex/latex/amsfonts\amssymb.sty
Package: amssymb 2013/01/14 v3.01 AMS font symbols
)
(C:\Users\samin\AppData\Local\Programs\MiKTeX\tex/latex/l3kernel\expl3.sty
Package: expl3 2026-07-20 L3 programming layer (loader) 

(C:\Users\samin\AppData\Local\Programs\MiKTeX\tex/latex/l3backend\l3backend-pdf
tex.def
File: l3backend-pdftex.def 2026-07-20 L3 backend support: PDF output (pdfTeX)
\l__color_backend_stack_int=\count297
))
(C:\Users\samin\AppData\Local\Programs\MiKTeX\tex/latex/l3packages/xparse\xpars
e.sty
Package: xparse 2025-10-09 L3 Experimental document command parser
)
(C:\Users\samin\AppData\Local\Programs\MiKTeX\tex/latex/etoolbox\etoolbox.sty
Package: etoolbox 2025/10/02 v2.5m e-TeX tools for LaTeX (JAW)
\etb@tempcnta=\count298
)
(C:\Users\samin\AppData\Local\Programs\MiKTeX\tex/latex/preprint\balance.sty
Package: balance 1999/02/23 4.3 (PWD)
\oldvsize=\dimen163
)
(C:\Users\samin\AppData\Local\Programs\MiKTeX\tex/latex/booktabs\booktabs.sty
Package: booktabs 2020/01/12 v1.61803398 Publication quality tables
\heavyrulewidth=\dimen164
\lightrulewidth=\dimen165
\cmidrulewidth=\dimen166
\belowrulesep=\dimen167
\belowbottomsep=\dimen168
\aboverulesep=\dimen169
\abovetopsep=\dimen170
\cmidrulesep=\dimen171
\cmidrulekern=\dimen172
\defaultaddspace=\dimen173
\@cmidla=\count299
\@cmidlb=\count300
\@aboverulesep=\dimen174
\@belowrulesep=\dimen175
\@thisruleclass=\count301
\@lastruleclass=\count302
\@thisrulewidth=\dimen176
)
(C:\Users\samin\AppData\Local\Programs\MiKTeX\tex/latex/makecell\makecell.sty
Package: makecell 2009/08/03 V0.1e Managing of Tab Column Heads and Cells

(C:\Users\samin\AppData\Local\Programs\MiKTeX\tex/latex/tools\array.sty
Package: array 2026/02/24 v2.7b Tabular extension package (FMi)
\col@sep=\dimen177
\ar@mcellbox=\box55
\extrarowheight=\dimen178
\NC@list=\toks23
\extratabsurround=\skip55
\backup@length=\skip56
\ar@cellbox=\box56
)
\rotheadsize=\dimen179
\c@nlinenum=\count303
\TeXr@lab=\toks24
)
(C:\Users\samin\AppData\Local\Programs\MiKTeX\tex/latex/multirow\multirow.sty
Package: multirow 2024/11/12 v2.9 Span multiple rows of a table
\multirow@colwidth=\skip57
\multirow@cntb=\count304
\multirow@dima=\skip58
\bigstrutjot=\dimen180
)
(C:\Users\samin\AppData\Local\Programs\MiKTeX\tex/latex/colortbl\colortbl.sty
Package: colortbl 2026/05/01 v1.0l Color table columns (DPC)

(C:\Users\samin\AppData\Local\Programs\MiKTeX\tex/latex/graphics\color.sty
Package: color 2026-05-17 v1.3f Standard LaTeX Color (DPC)

(C:\Users\samin\AppData\Local\Programs\MiKTeX\tex/latex/graphics-cfg\color.cfg
File: color.cfg 2016/01/02 v1.6 sample color configuration
)
Package color Info: Driver file: pdftex.def on input line 149.
(C:\Users\samin\AppData\Local\Programs\MiKTeX\tex/latex/graphics\mathcolor.ltx)
)
new hooks used!!
\minrowclearance=\skip59
\rownum=\count305
) (C:\Users\samin\AppData\Local\Programs\MiKTeX\tex/latex/tools\dcolumn.sty
Package: dcolumn 2025/10/21 v1.06 decimal alignment package (DPC)
)
(C:\Users\samin\AppData\Local\Programs\MiKTeX\tex/latex/sttools\stfloats.sty
Package: stfloats 2025/06/18 v3.4 Improve float mechanism and baselineskip sett
ings
\@dblbotnum=\count306
\c@dblbotnumber=\count307
)
(C:\Users\samin\AppData\Local\Programs\MiKTeX\tex/latex/tools\xspace.sty
Package: xspace 2014/10/28 v1.13 Space after command names (DPC,MH)
)
(C:\Users\samin\AppData\Local\Programs\MiKTeX\tex/latex/xstring\xstring.sty
(C:\Users\samin\AppData\Local\Programs\MiKTeX\tex/generic/xstring\xstring.tex
\xs_counta=\count308
\xs_countb=\count309
)
Package: xstring 2023/08/22 v1.86 String manipulations (CT)
) (C:\Users\samin\AppData\Local\Programs\MiKTeX\tex/latex/footmisc\footmisc.sty
Package: footmisc 2025/05/09 v7.0b a miscellany of footnote facilities
\FN@temptoken=\toks25
\footnotemargin=\dimen181
Package footmisc Info: Declaring symbol style bringhurst on input line 549.
Package footmisc Info: Declaring symbol style chicago on input line 557.
Package footmisc Info: Declaring symbol style wiley on input line 566.
Package footmisc Info: Declaring symbol style lamport-robust on input line 577.

Package footmisc Info: Declaring symbol style lamport* on input line 597.
Package footmisc Info: Declaring symbol style lamport*-robust on input line 618
.
) (C:\Users\samin\AppData\Local\Programs\MiKTeX\tex/latex/xcolor\xcolor.sty
Package: xcolor 2024/09/29 v3.02 LaTeX color extensions (UK)

(C:\Users\samin\AppData\Local\Programs\MiKTeX\tex/latex/graphics-cfg\color.cfg
File: color.cfg 2016/01/02 v1.6 sample color configuration
)
Package xcolor Info: Driver file: pdftex.def on input line 274.
LaTeX Info: Redefining \color on input line 762.
(C:\Users\samin\AppData\Local\Programs\MiKTeX\tex/latex/graphics\mathcolor.ltx)
Package xcolor Info: Model `cmy' substituted by `cmy0' on input line 1349.
Package xcolor Info: Model `hsb' substituted by `rgb' on input line 1353.
Package xcolor Info: Model `RGB' extended on input line 1365.
Package xcolor Info: Model `HTML' substituted by `rgb' on input line 1367.
Package xcolor Info: Model `Hsb' substituted by `hsb' on input line 1368.
Package xcolor Info: Model `tHsb' substituted by `hsb' on input line 1369.
Package xcolor Info: Model `HSB' substituted by `hsb' on input line 1370.
Package xcolor Info: Model `Gray' substituted by `gray' on input line 1371.
Package xcolor Info: Model `wave' substituted by `hsb' on input line 1372.
) (C:\Users\samin\AppData\Local\Programs\MiKTeX\tex/latex/xcolor\svgnam.def
File: svgnam.def 2024/09/29 v3.02 Predefined colors according to SVG 1.1 (UK)
)
(C:\Users\samin\AppData\Local\Programs\MiKTeX\tex/latex/graphics\dvipsnam.def
File: dvipsnam.def 2026-05-17 v3.0m Driver-dependent file (DPC,SPQR)
)
(C:\Users\samin\AppData\Local\Programs\MiKTeX\tex/latex/hyperref\hyperref.sty
Package: hyperref 2026-06-17 v7.01r Hypertext links for LaTeX

(C:\Users\samin\AppData\Local\Programs\MiKTeX\tex/generic/iftex\iftex.sty
Package: iftex 2024/12/12 v1.0g TeX engine tests
)
(C:\Users\samin\AppData\Local\Programs\MiKTeX\tex/latex/kvsetkeys\kvsetkeys.sty
Package: kvsetkeys 2022-10-05 v1.19 Key value parser (HO)
)
(C:\Users\samin\AppData\Local\Programs\MiKTeX\tex/generic/kvdefinekeys\kvdefine
keys.sty
Package: kvdefinekeys 2019-12-19 v1.6 Define keys (HO)
)
(C:\Users\samin\AppData\Local\Programs\MiKTeX\tex/generic/pdfescape\pdfescape.s
ty
Package: pdfescape 2019/12/09 v1.15 Implements pdfTeX's escape features (HO)

(C:\Users\samin\AppData\Local\Programs\MiKTeX\tex/generic/ltxcmds\ltxcmds.sty
Package: ltxcmds 2023-12-04 v1.26 LaTeX kernel commands for general use (HO)
)
(C:\Users\samin\AppData\Local\Programs\MiKTeX\tex/generic/pdftexcmds\pdftexcmds
.sty
Package: pdftexcmds 2020-06-27 v0.33 Utility functions of pdfTeX for LuaTeX (HO
)

(C:\Users\samin\AppData\Local\Programs\MiKTeX\tex/generic/infwarerr\infwarerr.s
ty
Package: infwarerr 2019/12/03 v1.5 Providing info/warning/error messages (HO)
)
Package pdftexcmds Info: \pdf@primitive is available.
Package pdftexcmds Info: \pdf@ifprimitive is available.
Package pdftexcmds Info: \pdfdraftmode found.
))
(C:\Users\samin\AppData\Local\Programs\MiKTeX\tex/latex/hycolor\hycolor.sty
Package: hycolor 2020-01-27 v1.10 Color options for hyperref/bookmark (HO)
)
(C:\Users\samin\AppData\Local\Programs\MiKTeX\tex/latex/hyperref\nameref.sty
Package: nameref 2026-01-29 v2.58 Cross-referencing by name of section

(C:\Users\samin\AppData\Local\Programs\MiKTeX\tex/latex/refcount\refcount.sty
Package: refcount 2019/12/15 v3.6 Data extraction from label references (HO)
)
(C:\Users\samin\AppData\Local\Programs\MiKTeX\tex/generic/gettitlestring\gettit
lestring.sty
Package: gettitlestring 2019/12/15 v1.6 Cleanup title references (HO)

(C:\Users\samin\AppData\Local\Programs\MiKTeX\tex/latex/kvoptions\kvoptions.sty
Package: kvoptions 2022-06-15 v3.15 Key value format for package options (HO)
))
\c@section@level=\count310
)
(C:\Users\samin\AppData\Local\Programs\MiKTeX\tex/generic/stringenc\stringenc.s
ty
Package: stringenc 2019/11/29 v1.12 Convert strings between diff. encodings (HO
)
)
\@linkdim=\dimen182
\Hy@linkcounter=\count311
\Hy@pagecounter=\count312
 (C:\Users\samin\AppData\Local\Programs\MiKTeX\tex/latex/hyperref\pd1enc.def
File: pd1enc.def 2026-06-17 v7.01r Hyperref: PDFDocEncoding definition (HO)
Now handling font encoding PD1 ...
... no UTF-8 mapping file for font encoding PD1
) (C:\Users\samin\AppData\Local\Programs\MiKTeX\tex/generic/intcalc\intcalc.sty
Package: intcalc 2019/12/15 v1.3 Expandable calculations with integers (HO)
)
\Hy@SavedSpaceFactor=\count313
 (C:\Users\samin\AppData\Local\Programs\MiKTeX\tex/latex/hyperref\puenc.def
File: puenc.def 2026-06-17 v7.01r Hyperref: PDF Unicode definition (HO)
Now handling font encoding PU ...
... no UTF-8 mapping file for font encoding PU
)
Package hyperref Info: Option `colorlinks' set `true' on input line 4070.
Package hyperref Info: Hyper figures OFF on input line 4199.
Package hyperref Info: Link nesting OFF on input line 4204.
Package hyperref Info: Hyper index ON on input line 4207.
Package hyperref Info: Plain pages OFF on input line 4214.
Package hyperref Info: Backreferencing OFF on input line 4219.
Package hyperref Info: Implicit mode ON; LaTeX internals redefined.
Package hyperref Info: Bookmarks ON on input line 4466.
\c@Hy@tempcnt=\count314

(C:\Users\samin\AppData\Local\Programs\MiKTeX\tex/latex/url\url.sty
\Urlmuskip=\muskip18
Package: url 2013/09/16  ver 3.4  Verb mode for urls, etc.
)
LaTeX Info: Redefining \url on input line 4805.
\XeTeXLinkMargin=\dimen183

(C:\Users\samin\AppData\Local\Programs\MiKTeX\tex/generic/bitset\bitset.sty
Package: bitset 2019/12/09 v1.3 Handle bit-vector datatype (HO)

(C:\Users\samin\AppData\Local\Programs\MiKTeX\tex/generic/bigintcalc\bigintcalc
.sty
Package: bigintcalc 2019/12/15 v1.5 Expandable calculations on big integers (HO
)
))
\Fld@menulength=\count315
\Field@Width=\dimen184
\Fld@charsize=\dimen185
Package hyperref Info: Hyper figures OFF on input line 6091.
Package hyperref Info: Link nesting OFF on input line 6096.
Package hyperref Info: Hyper index ON on input line 6099.
Package hyperref Info: backreferencing OFF on input line 6106.
Package hyperref Info: Link coloring ON on input line 6109.
Package hyperref Info: Link coloring with OCG OFF on input line 6116.
Package hyperref Info: PDF/A mode OFF on input line 6121.
\Hy@abspage=\count316
\c@Item=\count317
\c@Hfootnote=\count318
)
Package hyperref Info: Driver (autodetected): hpdftex.

(C:\Users\samin\AppData\Local\Programs\MiKTeX\tex/latex/hyperref\hpdftex.def
File: hpdftex.def 2026-06-17 v7.01r Hyperref driver for pdfTeX
\Fld@listcount=\count319
\c@bookmark@seq@number=\count320

(C:\Users\samin\AppData\Local\Programs\MiKTeX\tex/latex/rerunfilecheck\rerunfil
echeck.sty
Package: rerunfilecheck 2025-06-21 v1.11 Rerun checks for auxiliary files (HO)

(C:\Users\samin\AppData\Local\Programs\MiKTeX\tex/generic/uniquecounter\uniquec
ounter.sty
Package: uniquecounter 2019/12/15 v1.4 Provide unlimited unique counter (HO)
)
Package uniquecounter Info: New unique counter `rerunfilecheck' on input line 2
84.
)
\Hy@SectionHShift=\skip60
)
(C:\Users\samin\AppData\Local\Programs\MiKTeX\tex/latex/els-cas-templates\cas-c
ommon.sty
\l_stm_title_before_dim=\dimen186
\l_stm_title_after_dim=\dimen187
\g_ead_int=\count321
\g_uad_int=\count322
\@eadauthor=\toks26
\g_stm_tnote_int=\count323
\g_stm_fnote_int=\count324
\g_stm_cor_int=\count325
\g_stm_au_int=\count326
\g_stm_aau_int=\count327
\l_autype_int=\count328
\l_stm_augroup_before_dim=\dimen188
\l_stm_augroup_after_dim=\dimen189
\l_stm_augroup_lskip_tl=\dimen190
\l_stm_augroup_rskip_tl=\dimen191
\g_stm_aff_int=\count329
\g_stm_aff_ext_int=\count330
\g_stm_aff_int_int=\count331
\g_stm_fn_aff_ext_int=\count332
\g_stm_fn_aff_int_int=\count333
\l_stm_aff_before_dim=\dimen192
\l_stm_aff_after_dim=\dimen193
\l_stm_aff_lskip_dim=\dimen194
\l_stm_aff_rskip_dim=\dimen195
\g_stm_augr_int=\count334
\g_stm_aaugr_int=\count335

(C:\Users\samin\AppData\Local\Programs\MiKTeX\tex/latex/moreverb\moreverb.sty
Package: moreverb 2008/06/03 v2.3a `more' verbatim facilities

(C:\Users\samin\AppData\Local\Programs\MiKTeX\tex/latex/tools\verbatim.sty
Package: verbatim 2024-01-22 v1.5x LaTeX2e package for verbatim enhancements
\every@verbatim=\toks27
\verbatim@line=\toks28
\verbatim@in@stream=\read2
)
\tab@position=\count336
\tab@size=\count337
\listing@line=\count338
)
\g_stm_abs_box=\box57
\casgrabsbox=\box58
\casauhlbox=\box59
\g_stm_key_box=\box60
\g_stm_jtype_int=\count339
\g_stm_blind_int=\count340
\c@au=\count341
\c@cnote=\count342
\c@tnote=\count343
\c@fnote=\count344
\c@aff=\count345
\g_stm_notes_box=\box61
\g_stm_front_box=\box62
\paraindent=\dimen196
\subparaindent=\dimen197
\FullWidth=\dimen198
\l_tbl_width_dim=\dimen199
\l_tbl_abovecap_skip=\skip61
\l_tbl_belowcap_skip=\skip62
\l_tbl_abovetbl_skip=\skip63
\l_tbl_belowtbl_skip=\skip64
\l_fig_width_dim=\dimen256
\cascaptionbox=\box63
\l_fig_abovecap_skip=\skip65
\l_fig_belowcap_skip=\skip66
\l_fig_abovefig_skip=\skip67
\l_fig_belowfig_skip=\skip68

(C:\Users\samin\AppData\Local\Programs\MiKTeX\tex/latex/wrapfig\wrapfig.sty
\wrapoverhang=\dimen257
\WF@size=\dimen258
\c@WF@wrappedlines=\count346
\WF@box=\box64
\WF@everypar=\toks29
Package: wrapfig 2003/01/31  v 3.6
)
\l_wrap_figwidth_dim=\dimen259
\l_wrap_fighspace_dim=\dimen260
\l_wrap_figvspace_dim=\dimen261
\l_wrap_fighcorr_dim=\dimen262
\l_wrap_figvcorr_dim=\dimen263
\l_above_bio_dim=\dimen264
\l_wrap_figlcorr_int=\count347
\l_wrap_figlines_int=\count348
\l_bio_text_box=\box65
\c@ca_biography_ctr=\count349
\l_ca_temp_inta=\count350
\leftMargin=\dimen265
\@enLab=\toks30
\@sep=\skip69
\@@sep=\skip70
)
(C:\Users\samin\AppData\Local\Programs\MiKTeX\tex/latex/base\fontenc.sty
Package: fontenc 2025/07/18 v2.1d Standard LaTeX package
)
(C:\Users\samin\AppData\Local\Programs\MiKTeX\tex/latex/stix\stix.sty
Package: stix 2018/04/17 v1.1.3-latex STIX fonts support package

(C:\Users\samin\AppData\Local\Programs\MiKTeX\tex/latex/base\textcomp.sty
Package: textcomp 2024/04/24 v2.1b Standard LaTeX package
LaTeX Font Info:    Changing ? sub-encoding to TS1/0 on input line 75.
)
LaTeX Encoding Info:    Text command \textpertenthousand (encoding T1) is not d
eclared on input line 51.
LaTeX Encoding Info:    Redeclaring text command \textpertenthousand (encoding 
?) on input line 52.
Now handling font encoding LS1 ...
... no UTF-8 mapping file for font encoding LS1
Now handling font encoding LS2 ...
... no UTF-8 mapping file for font encoding LS2
LaTeX Font Info:    Redeclaring symbol font `letters' on input line 76.
LaTeX Font Info:    Encoding `OML' has changed to `LS1' for symbol font
(Font)              `letters' in the math version `normal' on input line 76.
LaTeX Font Info:    Overwriting symbol font `letters' in version `normal'
(Font)                  OML/cmm/m/it --> LS1/stix/m/it on input line 76.
LaTeX Font Info:    Encoding `OML' has changed to `LS1' for symbol font
(Font)              `letters' in the math version `bold' on input line 76.
LaTeX Font Info:    Overwriting symbol font `letters' in version `bold'
(Font)                  OML/cmm/b/it --> LS1/stix/m/it on input line 76.
LaTeX Font Info:    Redeclaring symbol font `operators' on input line 77.
LaTeX Font Info:    Encoding `OT1' has changed to `LS1' for symbol font
(Font)              `operators' in the math version `normal' on input line 77.
LaTeX Font Info:    Overwriting symbol font `operators' in version `normal'
(Font)                  OT1/cmr/m/n --> LS1/stix/m/n on input line 77.
LaTeX Font Info:    Encoding `OT1' has changed to `LS1' for symbol font
(Font)              `operators' in the math version `bold' on input line 77.
LaTeX Font Info:    Overwriting symbol font `operators' in version `bold'
(Font)                  OT1/cmr/bx/n --> LS1/stix/m/n on input line 77.
\symbold-operators=\mathgroup6
LaTeX Font Info:    Redeclaring symbol font `symbols' on input line 79.
LaTeX Font Info:    Encoding `OMS' has changed to `LS1' for symbol font
(Font)              `symbols' in the math version `normal' on input line 79.
LaTeX Font Info:    Overwriting symbol font `symbols' in version `normal'
(Font)                  OMS/cmsy/m/n --> LS1/stixscr/m/n on input line 79.
LaTeX Font Info:    Encoding `OMS' has changed to `LS1' for symbol font
(Font)              `symbols' in the math version `bold' on input line 79.
LaTeX Font Info:    Overwriting symbol font `symbols' in version `bold'
(Font)                  OMS/cmsy/b/n --> LS1/stixscr/m/n on input line 79.
\symsymbols2=\mathgroup7
\symsymbols3=\mathgroup8
\symsymbols4=\mathgroup9
\symintegrals=\mathgroup10
LaTeX Font Info:    Redeclaring symbol font `largesymbols' on input line 84.
LaTeX Font Info:    Encoding `OMX' has changed to `LS2' for symbol font
(Font)              `largesymbols' in the math version `normal' on input line 8
4.
LaTeX Font Info:    Overwriting symbol font `largesymbols' in version `normal'
(Font)                  OMX/cmex/m/n --> LS2/stixex/m/n on input line 84.
LaTeX Font Info:    Encoding `OMX' has changed to `LS2' for symbol font
(Font)              `largesymbols' in the math version `bold' on input line 84.

LaTeX Font Info:    Overwriting symbol font `largesymbols' in version `bold'
(Font)                  OMX/cmex/m/n --> LS2/stixex/m/n on input line 84.
\symarrows1=\mathgroup11
\symarrows2=\mathgroup12
\symarrows3=\mathgroup13
LaTeX Font Info:    Overwriting symbol font `letters' in version `bold'
(Font)                  LS1/stix/m/it --> LS1/stix/b/it on input line 88.
LaTeX Font Info:    Overwriting symbol font `operators' in version `bold'
(Font)                  LS1/stix/m/n --> LS1/stix/b/n on input line 89.
LaTeX Font Info:    Overwriting symbol font `symbols' in version `bold'
(Font)                  LS1/stixscr/m/n --> LS1/stixscr/b/n on input line 90.
LaTeX Font Info:    Overwriting symbol font `symbols2' in version `bold'
(Font)                  LS1/stixfrak/m/n --> LS1/stixfrak/b/n on input line 91.

LaTeX Font Info:    Overwriting symbol font `symbols3' in version `bold'
(Font)                  LS1/stixbb/m/n --> LS1/stixbb/b/n on input line 92.
LaTeX Font Info:    Overwriting symbol font `symbols4' in version `bold'
(Font)                  LS1/stixbb/m/it --> LS1/stixbb/b/it on input line 93.
LaTeX Font Info:    Overwriting symbol font `integrals' in version `bold'
(Font)                  LS2/stixcal/m/n --> LS2/stixcal/b/n on input line 94.
LaTeX Font Info:    Overwriting symbol font `largesymbols' in version `bold'
(Font)                  LS2/stixex/m/n --> LS2/stixex/b/n on input line 95.
LaTeX Font Info:    Overwriting symbol font `arrows1' in version `bold'
(Font)                  LS1/stixsf/m/n --> LS1/stixsf/b/n on input line 96.
LaTeX Font Info:    Overwriting symbol font `arrows2' in version `bold'
(Font)                  LS1/stixsf/m/it --> LS1/stixsf/b/it on input line 97.
LaTeX Font Info:    Overwriting symbol font `arrows3' in version `bold'
(Font)                  LS2/stixtt/m/n --> LS2/stixtt/b/n on input line 98.
LaTeX Font Info:    Redeclaring math alphabet \mathit on input line 99.
LaTeX Font Info:    Redeclaring math alphabet \mathfrak on input line 102.
LaTeX Font Info:    Redeclaring math alphabet \mathsf on input line 106.
LaTeX Font Info:    Redeclaring math alphabet \mathtt on input line 108.
LaTeX Font Info:    Redeclaring math alphabet \mathbf on input line 109.
LaTeX Info: Redefining \yen on input line 456.
LaTeX Info: Redefining \circledR on input line 458.
LaTeX Info: Redefining \checkmark on input line 460.
LaTeX Info: Redefining \maltese on input line 461.
LaTeX Font Info:    Redeclaring math accent \grave on input line 698.
LaTeX Font Info:    Redeclaring math accent \acute on input line 699.
LaTeX Font Info:    Redeclaring math accent \hat on input line 700.
LaTeX Font Info:    Redeclaring math accent \tilde on input line 701.
LaTeX Font Info:    Redeclaring math accent \bar on input line 702.
LaTeX Font Info:    Redeclaring math accent \breve on input line 703.
LaTeX Font Info:    Redeclaring math accent \dot on input line 704.
LaTeX Font Info:    Redeclaring math accent \ddot on input line 705.
LaTeX Font Info:    Redeclaring math accent \mathring on input line 707.
LaTeX Font Info:    Redeclaring math accent \check on input line 708.
LaTeX Font Info:    Redeclaring math accent \vec on input line 716.
LaTeX Font Info:    Redeclaring math accent \widehat on input line 728.
LaTeX Font Info:    Redeclaring math accent \widetilde on input line 729.
LaTeX Info: Redefining \vdots on input line 1518.
LaTeX Info: Redefining \cdots on input line 1522.
LaTeX Font Info:    Redeclaring math symbol \mathsterling on input line 1978.
LaTeX Info: Redefining \not on input line 2144.
)
(C:\Users\samin\AppData\Local\Programs\MiKTeX\tex/latex/inconsolata\inconsolata
.sty
Package: inconsolata 2019/05/17 v1.12
 `inconsolata-zi4' v1.12, 2019/05/17 Text macros for Inconsolata (msharpe)
(C:\Users\samin\AppData\Local\Programs\MiKTeX\tex/latex/xkeyval\xkeyval.sty
Package: xkeyval 2022/06/16 v2.9 package option processing (HA)

(C:\Users\samin\AppData\Local\Programs\MiKTeX\tex/generic/xkeyval\xkeyval.tex
(C:\Users\samin\AppData\Local\Programs\MiKTeX\tex/generic/xkeyval\xkvutils.tex
\XKV@toks=\toks31
\XKV@tempa@toks=\toks32
)
\XKV@depth=\count351
File: xkeyval.tex 2014/12/03 v2.7a key=value parser (HA)
))
\zifour@ocount=\count352
)
(C:\Users\samin\AppData\Local\Programs\MiKTeX\tex/latex/geometry\geometry.sty
Package: geometry 2026/03/07 v6.0 Page Geometry

(C:\Users\samin\AppData\Local\Programs\MiKTeX\tex/generic/iftex\ifvtex.sty
Package: ifvtex 2019/10/25 v1.7 ifvtex legacy package. Use iftex instead.
)
\Gm@cnth=\count353
\Gm@cntv=\count354
\c@Gm@tempcnt=\count355
\Gm@bindingoffset=\dimen266
\Gm@wd@mp=\dimen267
\Gm@odd@mp=\dimen268
\Gm@even@mp=\dimen269
\Gm@layoutwidth=\dimen270
\Gm@layoutheight=\dimen271
\Gm@layouthoffset=\dimen272
\Gm@layoutvoffset=\dimen273
\Gm@dimlist=\toks33

(C:\Users\samin\AppData\Local\Programs\MiKTeX\tex/latex/geometry\geometry.cfg))
) (C:\Users\samin\AppData\Local\Programs\MiKTeX\tex/latex/natbib\natbib.sty
Package: natbib 2010/09/13 8.31b (PWD, AO)
\bibhang=\skip71
\bibsep=\skip72
LaTeX Info: Redefining \cite on input line 694.
\c@NAT@ctr=\count356
)
(C:\Users\samin\AppData\Local\Programs\MiKTeX\tex/latex/siunitx\siunitx.sty
Package: siunitx 2026-08-23 v3.5.6 A comprehensive (SI) units package
\l__siunitx_number_uncert_offset_int=\count357
\l__siunitx_number_exponent_fixed_int=\count358
\l__siunitx_number_min_decimal_int=\count359
\l__siunitx_number_min_integer_int=\count360
\l__siunitx_number_round_precision_int=\count361
\l__siunitx_number_lower_threshold_int=\count362
\l__siunitx_number_upper_threshold_int=\count363
\l__siunitx_number_group_first_int=\count364
\l__siunitx_number_group_size_int=\count365
\l__siunitx_number_group_min_int=\count366
\l__siunitx_number_group_minimum_int=\count367
\l__siunitx_compound_count_int=\count368

(C:\Users\samin\AppData\Local\Programs\MiKTeX\tex/latex/translations\translatio
ns.sty
Package: translations 2022/02/05 v1.12 internationalization of LaTeX2e packages
 (CN)
)
\l__siunitx_table_tmp_box=\box66
\l__siunitx_table_tmp_dim=\dimen274
\l__siunitx_table_column_width_dim=\dimen275
\l__siunitx_table_integer_box=\box67
\l__siunitx_table_decimal_box=\box68
\l__siunitx_table_uncert_box=\box69
\l__siunitx_table_before_box=\box70
\l__siunitx_table_after_box=\box71
\l__siunitx_table_before_dim=\dimen276
\l__siunitx_table_carry_dim=\dimen277
\l__siunitx_unit_tmp_int=\count369
\l__siunitx_unit_position_int=\count370
\l__siunitx_unit_total_int=\count371
\l__siunitx_sexagesimal_tmp_dim=\dimen278
\l__siunitx_sexagesimal_marker_box=\box72
\l__siunitx_sexagesimal_unit_box=\box73
)
(C:\Users\samin\AppData\Local\Programs\MiKTeX\tex/latex/doublestroke\dsfont.sty
Package: dsfont 1995/08/01 v0.1 Double stroke roman fonts
)
(C:\Users\samin\AppData\Local\Programs\MiKTeX\tex/latex/pgf/frontendlayer\tikz.
sty
(C:\Users\samin\AppData\Local\Programs\MiKTeX\tex/latex/pgf/basiclayer\pgf.sty
(C:\Users\samin\AppData\Local\Programs\MiKTeX\tex/latex/pgf/utilities\pgfrcs.st
y
(C:\Users\samin\AppData\Local\Programs\MiKTeX\tex/generic/pgf/utilities\pgfutil
-common.tex
\pgfutil@everybye=\toks34
\pgfutil@tempdima=\dimen279
\pgfutil@tempdimb=\dimen280
)
(C:\Users\samin\AppData\Local\Programs\MiKTeX\tex/generic/pgf/utilities\pgfutil
-latex.def
\pgfutil@abb=\box74
)
(C:\Users\samin\AppData\Local\Programs\MiKTeX\tex/generic/pgf/utilities\pgfrcs.
code.tex
(C:\Users\samin\AppData\Local\Programs\MiKTeX\tex/generic/pgf\pgf.revision.tex)
Package: pgfrcs 2026-08-01 v3.1.12 (3.1.12)
))
Package: pgf 2026-08-01 v3.1.12 (3.1.12)

(C:\Users\samin\AppData\Local\Programs\MiKTeX\tex/latex/pgf/basiclayer\pgfcore.
sty
(C:\Users\samin\AppData\Local\Programs\MiKTeX\tex/latex/pgf/systemlayer\pgfsys.
sty
(C:\Users\samin\AppData\Local\Programs\MiKTeX\tex/generic/pgf/systemlayer\pgfsy
s.code.tex
Package: pgfsys 2026-08-01 v3.1.12 (3.1.12)

(C:\Users\samin\AppData\Local\Programs\MiKTeX\tex/generic/pgf/utilities\pgfkeys
.code.tex
\pgfkeys@pathtoks=\toks35
\pgfkeys@temptoks=\toks36

(C:\Users\samin\AppData\Local\Programs\MiKTeX\tex/generic/pgf/utilities\pgfkeys
libraryfiltered.code.tex
\pgfkeys@tmptoks=\toks37
))
\pgf@x=\dimen281
\pgf@y=\dimen282
\pgf@xa=\dimen283
\pgf@ya=\dimen284
\pgf@xb=\dimen285
\pgf@yb=\dimen286
\pgf@xc=\dimen287
\pgf@yc=\dimen288
\pgf@xd=\dimen289
\pgf@yd=\dimen290
\w@pgf@writea=\write3
\r@pgf@reada=\read3
\c@pgf@counta=\count372
\c@pgf@countb=\count373
\c@pgf@countc=\count374
\c@pgf@countd=\count375
\t@pgf@toka=\toks38
\t@pgf@tokb=\toks39
\t@pgf@tokc=\toks40
\pgf@sys@id@count=\count376

(C:\Users\samin\AppData\Local\Programs\MiKTeX\tex/generic/pgf/systemlayer\pgf.c
fg
File: pgf.cfg 2026-08-01 v3.1.12 (3.1.12)
)
Driver file for pgf: pgfsys-pdftex.def

(C:\Users\samin\AppData\Local\Programs\MiKTeX\tex/generic/pgf/systemlayer\pgfsy
s-pdftex.def
File: pgfsys-pdftex.def 2026-08-01 v3.1.12 (3.1.12)

(C:\Users\samin\AppData\Local\Programs\MiKTeX\tex/generic/pgf/systemlayer\pgfsy
s-common-pdf.def
File: pgfsys-common-pdf.def 2026-08-01 v3.1.12 (3.1.12)
)))
(C:\Users\samin\AppData\Local\Programs\MiKTeX\tex/generic/pgf/systemlayer\pgfsy
ssoftpath.code.tex
File: pgfsyssoftpath.code.tex 2026-08-01 v3.1.12 (3.1.12)
\pgfsyssoftpath@smallbuffer@items=\count377
\pgfsyssoftpath@bigbuffer@items=\count378
)
(C:\Users\samin\AppData\Local\Programs\MiKTeX\tex/generic/pgf/systemlayer\pgfsy
sprotocol.code.tex
File: pgfsysprotocol.code.tex 2026-08-01 v3.1.12 (3.1.12)
))
(C:\Users\samin\AppData\Local\Programs\MiKTeX\tex/generic/pgf/basiclayer\pgfcor
e.code.tex
Package: pgfcore 2026-08-01 v3.1.12 (3.1.12)

(C:\Users\samin\AppData\Local\Programs\MiKTeX\tex/generic/pgf/math\pgfmath.code
.tex
(C:\Users\samin\AppData\Local\Programs\MiKTeX\tex/generic/pgf/math\pgfmathutil.
code.tex)
(C:\Users\samin\AppData\Local\Programs\MiKTeX\tex/generic/pgf/math\pgfmathparse
r.code.tex
\pgfmath@dimen=\dimen291
\pgfmath@count=\count379
\pgfmath@box=\box75
\pgfmath@toks=\toks41
\pgfmath@stack@operand=\toks42
\pgfmath@stack@operation=\toks43
)
(C:\Users\samin\AppData\Local\Programs\MiKTeX\tex/generic/pgf/math\pgfmathfunct
ions.code.tex)
(C:\Users\samin\AppData\Local\Programs\MiKTeX\tex/generic/pgf/math\pgfmathfunct
ions.basic.code.tex)
(C:\Users\samin\AppData\Local\Programs\MiKTeX\tex/generic/pgf/math\pgfmathfunct
ions.trigonometric.code.tex)
(C:\Users\samin\AppData\Local\Programs\MiKTeX\tex/generic/pgf/math\pgfmathfunct
ions.random.code.tex)
(C:\Users\samin\AppData\Local\Programs\MiKTeX\tex/generic/pgf/math\pgfmathfunct
ions.comparison.code.tex)
(C:\Users\samin\AppData\Local\Programs\MiKTeX\tex/generic/pgf/math\pgfmathfunct
ions.base.code.tex)
(C:\Users\samin\AppData\Local\Programs\MiKTeX\tex/generic/pgf/math\pgfmathfunct
ions.round.code.tex)
(C:\Users\samin\AppData\Local\Programs\MiKTeX\tex/generic/pgf/math\pgfmathfunct
ions.misc.code.tex)
(C:\Users\samin\AppData\Local\Programs\MiKTeX\tex/generic/pgf/math\pgfmathfunct
ions.integerarithmetics.code.tex)
(C:\Users\samin\AppData\Local\Programs\MiKTeX\tex/generic/pgf/math\pgfmathcalc.
code.tex)
(C:\Users\samin\AppData\Local\Programs\MiKTeX\tex/generic/pgf/math\pgfmathfloat
.code.tex
\c@pgfmathroundto@lastzeros=\count380
))
(C:\Users\samin\AppData\Local\Programs\MiKTeX\tex/generic/pgf/math\pgfint.code.
tex)
(C:\Users\samin\AppData\Local\Programs\MiKTeX\tex/generic/pgf/basiclayer\pgfcor
epoints.code.tex
File: pgfcorepoints.code.tex 2026-08-01 v3.1.12 (3.1.12)
\pgf@picminx=\dimen292
\pgf@picmaxx=\dimen293
\pgf@picminy=\dimen294
\pgf@picmaxy=\dimen295
\pgf@pathminx=\dimen296
\pgf@pathmaxx=\dimen297
\pgf@pathminy=\dimen298
\pgf@pathmaxy=\dimen299
\pgf@xx=\dimen300
\pgf@xy=\dimen301
\pgf@yx=\dimen302
\pgf@yy=\dimen303
\pgf@zx=\dimen304
\pgf@zy=\dimen305
)
(C:\Users\samin\AppData\Local\Programs\MiKTeX\tex/generic/pgf/basiclayer\pgfcor
epathconstruct.code.tex
File: pgfcorepathconstruct.code.tex 2026-08-01 v3.1.12 (3.1.12)
\pgf@path@lastx=\dimen306
\pgf@path@lasty=\dimen307
)
(C:\Users\samin\AppData\Local\Programs\MiKTeX\tex/generic/pgf/basiclayer\pgfcor
epathusage.code.tex
File: pgfcorepathusage.code.tex 2026-08-01 v3.1.12 (3.1.12)
\pgf@shorten@end@additional=\dimen308
\pgf@shorten@start@additional=\dimen309
)
(C:\Users\samin\AppData\Local\Programs\MiKTeX\tex/generic/pgf/basiclayer\pgfcor
escopes.code.tex
File: pgfcorescopes.code.tex 2026-08-01 v3.1.12 (3.1.12)
\pgfpic=\box76
\pgf@hbox=\box77
\pgf@layerbox@main=\box78
\pgf@picture@serial@count=\count381
)
(C:\Users\samin\AppData\Local\Programs\MiKTeX\tex/generic/pgf/basiclayer\pgfcor
egraphicstate.code.tex
File: pgfcoregraphicstate.code.tex 2026-08-01 v3.1.12 (3.1.12)
\pgflinewidth=\dimen310
)
(C:\Users\samin\AppData\Local\Programs\MiKTeX\tex/generic/pgf/basiclayer\pgfcor
etransformations.code.tex
File: pgfcoretransformations.code.tex 2026-08-01 v3.1.12 (3.1.12)
\pgf@pt@x=\dimen311
\pgf@pt@y=\dimen312
\pgf@pt@temp=\dimen313
)
(C:\Users\samin\AppData\Local\Programs\MiKTeX\tex/generic/pgf/basiclayer\pgfcor
equick.code.tex
File: pgfcorequick.code.tex 2026-08-01 v3.1.12 (3.1.12)
)
(C:\Users\samin\AppData\Local\Programs\MiKTeX\tex/generic/pgf/basiclayer\pgfcor
eobjects.code.tex
File: pgfcoreobjects.code.tex 2026-08-01 v3.1.12 (3.1.12)
)
(C:\Users\samin\AppData\Local\Programs\MiKTeX\tex/generic/pgf/basiclayer\pgfcor
epathprocessing.code.tex
File: pgfcorepathprocessing.code.tex 2026-08-01 v3.1.12 (3.1.12)
)
(C:\Users\samin\AppData\Local\Programs\MiKTeX\tex/generic/pgf/basiclayer\pgfcor
earrows.code.tex
File: pgfcorearrows.code.tex 2026-08-01 v3.1.12 (3.1.12)
\pgfarrowsep=\dimen314
)
(C:\Users\samin\AppData\Local\Programs\MiKTeX\tex/generic/pgf/basiclayer\pgfcor
eshade.code.tex
File: pgfcoreshade.code.tex 2026-08-01 v3.1.12 (3.1.12)
\pgf@max=\dimen315
\pgf@sys@shading@range@num=\count382
\pgf@shadingcount=\count383
)
(C:\Users\samin\AppData\Local\Programs\MiKTeX\tex/generic/pgf/basiclayer\pgfcor
eimage.code.tex
File: pgfcoreimage.code.tex 2026-08-01 v3.1.12 (3.1.12)
)
(C:\Users\samin\AppData\Local\Programs\MiKTeX\tex/generic/pgf/basiclayer\pgfcor
eexternal.code.tex
File: pgfcoreexternal.code.tex 2026-08-01 v3.1.12 (3.1.12)
\pgfexternal@startupbox=\box79
)
(C:\Users\samin\AppData\Local\Programs\MiKTeX\tex/generic/pgf/basiclayer\pgfcor
elayers.code.tex
File: pgfcorelayers.code.tex 2026-08-01 v3.1.12 (3.1.12)
)
(C:\Users\samin\AppData\Local\Programs\MiKTeX\tex/generic/pgf/basiclayer\pgfcor
etransparency.code.tex
File: pgfcoretransparency.code.tex 2026-08-01 v3.1.12 (3.1.12)
)
(C:\Users\samin\AppData\Local\Programs\MiKTeX\tex/generic/pgf/basiclayer\pgfcor
epatterns.code.tex
File: pgfcorepatterns.code.tex 2026-08-01 v3.1.12 (3.1.12)
)
(C:\Users\samin\AppData\Local\Programs\MiKTeX\tex/generic/pgf/basiclayer\pgfcor
erdf.code.tex
File: pgfcorerdf.code.tex 2026-08-01 v3.1.12 (3.1.12)
)))
(C:\Users\samin\AppData\Local\Programs\MiKTeX\tex/generic/pgf/modules\pgfmodule
shapes.code.tex
File: pgfmoduleshapes.code.tex 2026-08-01 v3.1.12 (3.1.12)
\pgfnodeparttextbox=\box80
)
(C:\Users\samin\AppData\Local\Programs\MiKTeX\tex/generic/pgf/modules\pgfmodule
plot.code.tex
File: pgfmoduleplot.code.tex 2026-08-01 v3.1.12 (3.1.12)
)
(C:\Users\samin\AppData\Local\Programs\MiKTeX\tex/latex/pgf/compatibility\pgfco
mp-version-0-65.sty
Package: pgfcomp-version-0-65 2026-08-01 v3.1.12 (3.1.12)
\pgf@nodesepstart=\dimen316
\pgf@nodesepend=\dimen317
)
(C:\Users\samin\AppData\Local\Programs\MiKTeX\tex/latex/pgf/compatibility\pgfco
mp-version-1-18.sty
Package: pgfcomp-version-1-18 2026-08-01 v3.1.12 (3.1.12)
))
(C:\Users\samin\AppData\Local\Programs\MiKTeX\tex/latex/pgf/utilities\pgffor.st
y
(C:\Users\samin\AppData\Local\Programs\MiKTeX\tex/latex/pgf/utilities\pgfkeys.s
ty
(C:\Users\samin\AppData\Local\Programs\MiKTeX\tex/generic/pgf/utilities\pgfkeys
.code.tex))
(C:\Users\samin\AppData\Local\Programs\MiKTeX\tex/latex/pgf/math\pgfmath.sty
(C:\Users\samin\AppData\Local\Programs\MiKTeX\tex/generic/pgf/math\pgfmath.code
.tex))
(C:\Users\samin\AppData\Local\Programs\MiKTeX\tex/generic/pgf/utilities\pgffor.
code.tex
Package: pgffor 2026-08-01 v3.1.12 (3.1.12)
\pgffor@iter=\dimen318
\pgffor@skip=\dimen319
\pgffor@stack=\toks44
\pgffor@toks=\toks45
))
(C:\Users\samin\AppData\Local\Programs\MiKTeX\tex/generic/pgf/frontendlayer/tik
z\tikz.code.tex
Package: tikz 2026-08-01 v3.1.12 (3.1.12)

(C:\Users\samin\AppData\Local\Programs\MiKTeX\tex/generic/pgf/libraries\pgflibr
aryplothandlers.code.tex
File: pgflibraryplothandlers.code.tex 2026-08-01 v3.1.12 (3.1.12)
\pgf@plot@mark@count=\count384
\pgfplotmarksize=\dimen320
)
\tikz@lastx=\dimen321
\tikz@lasty=\dimen322
\tikz@lastxsaved=\dimen323
\tikz@lastysaved=\dimen324
\tikz@lastmovetox=\dimen325
\tikz@lastmovetoy=\dimen326
\tikzleveldistance=\dimen327
\tikzsiblingdistance=\dimen328
\tikz@figbox=\box81
\tikz@figbox@bg=\box82
\tikz@tempbox=\box83
\tikz@tempbox@bg=\box84
\tikztreelevel=\count385
\tikznumberofchildren=\count386
\tikznumberofcurrentchild=\count387
\tikz@fig@count=\count388

(C:\Users\samin\AppData\Local\Programs\MiKTeX\tex/generic/pgf/modules\pgfmodule
matrix.code.tex
File: pgfmodulematrix.code.tex 2026-08-01 v3.1.12 (3.1.12)
\pgfmatrixcurrentrow=\count389
\pgfmatrixcurrentcolumn=\count390
\pgf@matrix@numberofcolumns=\count391
)
\tikz@expandcount=\count392

(C:\Users\samin\AppData\Local\Programs\MiKTeX\tex/generic/pgf/frontendlayer/tik
z/libraries\tikzlibrarytopaths.code.tex
File: tikzlibrarytopaths.code.tex 2026-08-01 v3.1.12 (3.1.12)
)))
(C:\Users\samin\AppData\Local\Programs\MiKTeX\tex/generic/pgf/libraries\pgflibr
aryarrows.meta.code.tex
File: pgflibraryarrows.meta.code.tex 2026-08-01 v3.1.12 (3.1.12)
\pgfarrowinset=\dimen329
\pgfarrowlength=\dimen330
\pgfarrowwidth=\dimen331
\pgfarrowlinewidth=\dimen332
)
(C:\Users\samin\AppData\Local\Programs\MiKTeX\tex/generic/pgf/frontendlayer/tik
z/libraries\tikzlibrarypositioning.code.tex
File: tikzlibrarypositioning.code.tex 2026-08-01 v3.1.12 (3.1.12)
)
(C:\Users\samin\AppData\Local\Programs\MiKTeX\tex/latex/tools\tabularx.sty
Package: tabularx 2023/12/11 v2.12a `tabularx' package (DPC)
\TX@col@width=\dimen333
\TX@old@table=\dimen334
\TX@old@col=\dimen335
\TX@target=\dimen336
\TX@delta=\dimen337
\TX@cols=\count393
\TX@ftn=\toks46
)
(C:\Users\samin\AppData\Local\Programs\MiKTeX\tex/latex/float\float.sty
Package: float 2001/11/08 v1.3d Float enhancements (AL)
\c@float@type=\count394
\float@exts=\toks47
\float@box=\box85
\@float@everytoks=\toks48
\@floatcapt=\box86
)
Package translations Info: No language package found. I am going to use `englis
h' as default language. on input line 59.
LaTeX Font Info:    Trying to load font information for T1+stix on input line 5
9.

(C:\Users\samin\AppData\Local\Programs\MiKTeX\tex/latex/stix\t1stix.fd
File: t1stix.fd 2015/04/17 v1.1.2-latex STIX T1 font definitions
)
(master.aux)
\openout1 = `master.aux'.

LaTeX Font Info:    Checking defaults for OML/cmm/m/it on input line 59.
LaTeX Font Info:    ... okay on input line 59.
LaTeX Font Info:    Checking defaults for OMS/cmsy/m/n on input line 59.
LaTeX Font Info:    ... okay on input line 59.
LaTeX Font Info:    Checking defaults for OT1/cmr/m/n on input line 59.
LaTeX Font Info:    ... okay on input line 59.
LaTeX Font Info:    Checking defaults for T1/cmr/m/n on input line 59.
LaTeX Font Info:    ... okay on input line 59.
LaTeX Font Info:    Checking defaults for TS1/cmr/m/n on input line 59.
LaTeX Font Info:    ... okay on input line 59.
LaTeX Font Info:    Checking defaults for OMX/cmex/m/n on input line 59.
LaTeX Font Info:    ... okay on input line 59.
LaTeX Font Info:    Checking defaults for U/cmr/m/n on input line 59.
LaTeX Font Info:    ... okay on input line 59.
LaTeX Font Info:    Checking defaults for PD1/pdf/m/n on input line 59.
LaTeX Font Info:    ... okay on input line 59.
LaTeX Font Info:    Checking defaults for PU/pdf/m/n on input line 59.
LaTeX Font Info:    ... okay on input line 59.
LaTeX Font Info:    Checking defaults for LS1/stix/m/n on input line 59.
LaTeX Font Info:    Trying to load font information for LS1+stix on input line 
59.

(C:\Users\samin\AppData\Local\Programs\MiKTeX\tex/latex/stix\ls1stix.fd
File: ls1stix.fd 2015/04/17 v1.1.2-latex STIX LS1 font definitions
)
LaTeX Font Info:    ... okay on input line 59.
LaTeX Font Info:    Checking defaults for LS2/stix/m/n on input line 59.
LaTeX Font Info:    Trying to load font information for LS2+stix on input line 
59.

(C:\Users\samin\AppData\Local\Programs\MiKTeX\tex/latex/stix\ls2stix.fd
File: ls2stix.fd 2015/04/17 v1.1.2-latex STIX LS2 font definitions
)
LaTeX Font Info:    ... okay on input line 59.

(C:\Users\samin\AppData\Local\Programs\MiKTeX\tex/context/base/mkii\supp-pdf.mk
ii
[Loading MPS to PDF converter (version 2006.09.02).]
\scratchcounter=\count395
\scratchdimen=\dimen338
\scratchbox=\box87
\nofMPsegments=\count396
\nofMParguments=\count397
\everyMPshowfont=\toks49
\MPscratchCnt=\count398
\MPscratchDim=\dimen339
\MPnumerator=\count399
\makeMPintoPDFobject=\count400
\everyMPtoPDFconversion=\toks50
)
(C:\Users\samin\AppData\Local\Programs\MiKTeX\tex/latex/epstopdf-pkg\epstopdf-b
ase.sty
Package: epstopdf-base 2020-01-24 v2.11 Base part for package epstopdf
Package epstopdf-base Info: Redefining graphics rule for `.eps' on input line 4
85.

(C:\Users\samin\AppData\Local\Programs\MiKTeX\tex/latex/00miktex\epstopdf-sys.c
fg
File: epstopdf-sys.cfg 2021/03/18 v2.0 Configuration of epstopdf for MiKTeX
))
LaTeX Info: Command `\dddot' is already robust on input line 59.
LaTeX Info: Command `\ddddot' is already robust on input line 59.
Package hyperref Info: Link coloring ON on input line 59.
 (master.out) (master.out)
\@outlinefile=\write4
\openout4 = `master.out'.


(C:\Users\samin\AppData\Local\Programs\MiKTeX\tex/latex/upquote\upquote.sty
Package: upquote 2012/04/19 v1.3 upright-quote and grave-accent glyphs in verba
tim
)
*geometry* driver: auto-detecting
*geometry* detected driver: pdftex
*geometry* verbose mode - [ preamble ] result:
* driver: pdftex
* paper: custom
* layout: <same size as paper>
* layoutoffset:(h,v)=(0.0pt,0.0pt)
* modes: 
* h-part:(L,W,R)=(51.4995pt, 494.50888pt, 51.4995pt)
* v-part:(T,H,B)=(55.48286pt, 689.4103pt, 51.784pt)
* \paperwidth=597.50787pt
* \paperheight=796.67715pt
* \textwidth=494.50888pt
* \textheight=689.4103pt
* \oddsidemargin=-20.7705pt
* \evensidemargin=-20.7705pt
* \topmargin=-40.78712pt
* \headheight=12.0pt
* \headsep=12.0pt
* \topskip=10.0pt
* \footskip=12.0pt
* \marginparwidth=57.0pt
* \marginparsep=11.0pt
* \columnsep=18.0pt
* \skip\footins=9.0pt plus 4.0pt minus 2.0pt
* \hoffset=0.0pt
* \voffset=0.0pt
* \mag=1000
* \@twocolumnfalse
* \@twosidefalse
* \@mparswitchfalse
* \@reversemarginfalse
* (1in=72.27pt=25.4mm, 1cm=28.453pt)


(C:\Users\samin\AppData\Local\Programs\MiKTeX\tex/latex/translations/dicts\tran
slations-basic-dictionary-english.trsl
File: translations-basic-dictionary-english.trsl (english translation file `tra
nslations-basic-dictionary')
)
Package translations Info: loading dictionary `translations-basic-dictionary' f
or `english'. on input line 59.
\verbatim@out=\write5
\openout5 = `master.abs'.


Underfull \hbox (badness 2707) in paragraph at lines 156--157
[]\T1/stix/m/n/8 Explainable AI (XAI), Trust-wor-thi-
 []

LaTeX Font Info:    Trying to load font information for LS1+stixscr on input li
ne 159.
(C:\Users\samin\AppData\Local\Programs\MiKTeX\tex/latex/stix\ls1stixscr.fd
File: ls1stixscr.fd 2015/04/17 v1.1.2-latex STIX script LS1 font definitions
)
LaTeX Font Info:    Trying to load font information for LS2+stixex on input lin
e 159.

(C:\Users\samin\AppData\Local\Programs\MiKTeX\tex/latex/stix\ls2stixex.fd
File: ls2stixex.fd 2015/04/17 v1.1.2-latex STIX extentions LS2 font definitions

)
LaTeX Font Info:    Trying to load font information for U+msa on input line 159
.

(C:\Users\samin\AppData\Local\Programs\MiKTeX\tex/latex/amsfonts\umsa.fd
File: umsa.fd 2013/01/14 v3.01 AMS symbols A
)
LaTeX Font Info:    Trying to load font information for U+msb on input line 159
.

(C:\Users\samin\AppData\Local\Programs\MiKTeX\tex/latex/amsfonts\umsb.fd
File: umsb.fd 2013/01/14 v3.01 AMS symbols B
)
LaTeX Font Info:    Trying to load font information for LS1+stixfrak on input l
ine 159.

(C:\Users\samin\AppData\Local\Programs\MiKTeX\tex/latex/stix\ls1stixfrak.fd
File: ls1stixfrak.fd 2015/04/17 v1.1.2-latex STIX fraktur LS1 font definitions
)
LaTeX Font Info:    Trying to load font information for LS1+stixbb on input lin
e 159.

(C:\Users\samin\AppData\Local\Programs\MiKTeX\tex/latex/stix\ls1stixbb.fd
File: ls1stixbb.fd 2015/04/17 v1.1.2-latex STIX blackboard LS1 font definitions

)
LaTeX Font Info:    Trying to load font information for LS2+stixcal on input li
ne 159.

(C:\Users\samin\AppData\Local\Programs\MiKTeX\tex/latex/stix\ls2stixcal.fd
File: ls2stixcal.fd 2015/04/17 v1.1.2-latex STIX calligraphic LS2 font definiti
ons
)
LaTeX Font Info:    Trying to load font information for LS1+stixsf on input lin
e 159.

(C:\Users\samin\AppData\Local\Programs\MiKTeX\tex/latex/stix\ls1stixsf.fd
File: ls1stixsf.fd 2015/04/17 v1.1.2-latex STIX sans-serif LS1 font definitions

)
LaTeX Font Info:    Trying to load font information for LS2+stixtt on input lin
e 159.

(C:\Users\samin\AppData\Local\Programs\MiKTeX\tex/latex/stix\ls2stixtt.fd
File: ls2stixtt.fd 2015/04/17 v1.1.2-latex STIX typewriter LS2 font definitions

)
Overfull \hbox (123.62721pt too wide) detected at line 159
[]
 []

(master.abs)

Package hyperref Warning: Ignoring empty anchor on input line 159.


Package hyperref Warning: Ignoring empty anchor on input line 159.

<thumbnails/cas-email.jpeg, id=6, 225.84375pt x 225.84375pt>
File: thumbnails/cas-email.jpeg Graphic file (type jpg)
<use thumbnails/cas-email.jpeg>
Package pdftex.def Info: thumbnails/cas-email.jpeg  used on input line 159.
(pdftex.def)             Requested size: 7.99838pt x 8.0pt.
LaTeX Font Info:    Trying to load font information for T1+zi4 on input line 15
9.
(C:\Users\samin\AppData\Local\Programs\MiKTeX\tex/latex/inconsolata\t1zi4.fd
File: t1zi4.fd 2018/01/14 T1/zi4 (Inconsolata)
)
LaTeX Font Info:    Font shape `T1/zi4/m/n' will be
(Font)              scaled to size 6.80005pt on input line 159.


Package hyperref Warning: Ignoring empty anchor on input line 159.

<thumbnails/cas-url.jpeg, id=7, 225.84375pt x 225.84375pt>
File: thumbnails/cas-url.jpeg Graphic file (type jpg)
<use thumbnails/cas-url.jpeg>
Package pdftex.def Info: thumbnails/cas-url.jpeg  used on input line 159.
(pdftex.def)             Requested size: 7.99838pt x 8.0pt.

Package hyperref Warning: Ignoring empty anchor on input line 159.


Underfull \hbox (badness 1845) in paragraph at lines 195--207
[]\T1/stix/m/n/10 Explainable Ar-ti-fi-cial In-tel-li-gence (XAI) pro-vides a
 []


Underfull \hbox (badness 1454) in paragraph at lines 195--207
\T1/stix/m/n/10 level in-for-ma-tion. This cre-ates an im-por-tant dis-tinc-tio
n
 []

[1{C:/Users/samin/AppData/Local/MiKTeX/fonts/map/pdftex/pdftex.map}{C:/Users/sa
min/AppData/Local/Programs/MiKTeX/fonts/enc/dvips/stix/stix-t1.enc}


{C:/Users/samin/AppData/Local/Programs/MiKTeX/fonts/enc/dvips/inconsolata/i4-t1
-0.enc}{C:/Users/samin/AppData/Local/Programs/MiKTeX/fonts/enc/dvips/cm-super/c
m-super-t1.enc} <./thumbnails/cas-email.jpeg> <./thumbnails/cas-url.jpeg>]

LaTeX Warning: No positions in optional float specifier.
               Default added (so using `') on input line 255.

<images/figure1.pdf, id=62, 190.63347pt x 66.29492pt>
File: images/figure1.pdf Graphic file (type pdf)
<use images/figure1.pdf>
Package pdftex.def Info: images/figure1.pdf  used on input line 257.
(pdftex.def)             Requested size: 233.48833pt x 81.20134pt.

Underfull \hbox (badness 1400) in paragraph at lines 280--290
[]\T1/stix/m/n/10 We in-tro-duce the Lo-cal-iza-tion Mask Over-lap Score
 []


Underfull \hbox (badness 2269) in paragraph at lines 280--290
\T1/stix/m/n/10 (LMOS) to quan-tify object-focused ex-pla-na-tion qual-ity
 []


Underfull \hbox (badness 1019) in paragraph at lines 280--290
\T1/stix/m/n/10 ac-ti-va-tion that over-laps with the an-no-tated target-object

 []


Underfull \hbox (badness 1102) in paragraph at lines 314--327
\T1/stix/m/n/10 ing four real-world datasets com-pris-ing two leaf im-age
 []


Underfull \hbox (badness 1552) in paragraph at lines 314--327
\T1/stix/m/n/10 datasets: EPLI [[]], BDML[[]] and two flower im-age
 []


Underfull \hbox (badness 1546) in paragraph at lines 328--336
[]\T1/stix/m/n/10 The pro-posed ERI com-bines \T1/stix/m/it/10 ac-cu-racy sta-b
il-ity \T1/stix/m/n/10 and
 []


Underfull \hbox (badness 1540) in paragraph at lines 328--336
\T1/stix/m/n/10 re-mains com-par-a-tively more con-sis-tent de-spite a larger
 []

[2]
LaTeX Font Info:    Trying to load font information for TS1+stix on input line 
372.
 (C:\Users\samin\AppData\Local\Programs\MiKTeX\tex/latex/stix\ts1stix.fd
File: ts1stix.fd 2015/04/17 v1.1.2-latex STIX TS1 font definitions
)
(tables/notations.tex) [3{C:/Users/samin/AppData/Local/Programs/MiKTeX/fonts/en
c/dvips/stix/stix-ts1.enc}
pdfTeX warning (ext4): destination with the same identifier (name{table.1}) has
 been already used, duplicate ignored
<argument> ...shipout:D \box_use:N \l_shipout_box 
                                                  \__shipout_drop_firstpage_...
l.425 	
       ]
LaTeX Font Info:    Freeze math alphabet allocation in version normal.
(Font)              Allocated math groups: 14 (local: 2) on input line 435.
LaTeX Font Info:    Trying to load font information for U+dsrom on input line 4
35.

(C:\Users\samin\AppData\Local\Programs\MiKTeX\tex/latex/doublestroke\udsrom.fd
File: Udsrom.fd 1995/08/01 v0.1 Double stroke roman font definitions
)
LaTeX Font Info:    Nested math: keeping math alphabet allocation in version no
rmal on input line 435.
LaTeX Font Info:    Nested math: keeping math alphabet allocation in version no
rmal on input line 435.
LaTeX Font Info:    Nested math: keeping math alphabet allocation in version no
rmal on input line 436.
LaTeX Font Info:    Undo math alphabet allocation in version normal on input li
ne 436.
LaTeX Font Info:    Undo math alphabet allocation in version normal on input li
ne 437.
LaTeX Font Info:    No math alphabet change to frozen version normal on input l
ine 437.
LaTeX Font Info:    No math alphabet change to frozen version normal on input l
ine 438.
LaTeX Font Info:    No math alphabet change to frozen version normal on input l
ine 439.
LaTeX Font Info:    Nested math: keeping math alphabet allocation in version no
rmal on input line 446.
LaTeX Font Info:    No math alphabet change to frozen version normal on input l
ine 446.
LaTeX Font Info:    No math alphabet change to frozen version normal on input l
ine 447.
LaTeX Font Info:    No math alphabet change to frozen version normal on input l
ine 457.
LaTeX Font Info:    No math alphabet change to frozen version normal on input l
ine 457.
LaTeX Font Info:    Nested math: keeping math alphabet allocation in version no
rmal on input line 462.
LaTeX Font Info:    No math alphabet change to frozen version normal on input l
ine 462.
LaTeX Font Info:    No math alphabet change to frozen version normal on input l
ine 464.
LaTeX Font Info:    No math alphabet change to frozen version normal on input l
ine 464.
LaTeX Font Info:    No math alphabet change to frozen version normal on input l
ine 464.
LaTeX Font Info:    No math alphabet change to frozen version normal on input l
ine 466.
LaTeX Font Info:    No math alphabet change to frozen version normal on input l
ine 466.
LaTeX Font Info:    No math alphabet change to frozen version normal on input l
ine 473.
LaTeX Font Info:    No math alphabet change to frozen version normal on input l
ine 473.
LaTeX Font Info:    No math alphabet change to frozen version normal on input l
ine 473.
LaTeX Font Info:    No math alphabet change to frozen version normal on input l
ine 474.
LaTeX Font Info:    No math alphabet change to frozen version normal on input l
ine 474.
LaTeX Font Info:    No math alphabet change to frozen version normal on input l
ine 477.
LaTeX Font Info:    No math alphabet change to frozen version normal on input l
ine 479.
LaTeX Font Info:    No math alphabet change to frozen version normal on input l
ine 481.
LaTeX Font Info:    No math alphabet change to frozen version normal on input l
ine 481.
LaTeX Font Info:    No math alphabet change to frozen version normal on input l
ine 483.
LaTeX Font Info:    No math alphabet change to frozen version normal on input l
ine 483.
LaTeX Font Info:    No math alphabet change to frozen version normal on input l
ine 483.
LaTeX Font Info:    No math alphabet change to frozen version normal on input l
ine 483.
LaTeX Font Info:    No math alphabet change to frozen version normal on input l
ine 483.
LaTeX Font Info:    Nested math: keeping math alphabet allocation in version no
rmal on input line 486.
LaTeX Font Info:    Nested math: keeping math alphabet allocation in version no
rmal on input line 486.
LaTeX Font Info:    No math alphabet change to frozen version normal on input l
ine 486.
LaTeX Font Info:    No math alphabet change to frozen version normal on input l
ine 492.
LaTeX Font Info:    No math alphabet change to frozen version normal on input l
ine 498.
LaTeX Font Info:    No math alphabet change to frozen version normal on input l
ine 498.
LaTeX Font Info:    No math alphabet change to frozen version normal on input l
ine 498.
LaTeX Font Info:    No math alphabet change to frozen version normal on input l
ine 498.
LaTeX Font Info:    No math alphabet change to frozen version normal on input l
ine 498.
LaTeX Font Info:    No math alphabet change to frozen version normal on input l
ine 499.
LaTeX Font Info:    No math alphabet change to frozen version normal on input l
ine 499.
LaTeX Font Info:    Nested math: keeping math alphabet allocation in version no
rmal on input line 501.
LaTeX Font Info:    No math alphabet change to frozen version normal on input l
ine 501.
LaTeX Font Info:    No math alphabet change to frozen version normal on input l
ine 503.
LaTeX Font Info:    Nested math: keeping math alphabet allocation in version no
rmal on input line 504.
LaTeX Font Info:    No math alphabet change to frozen version normal on input l
ine 504.
LaTeX Font Info:    No math alphabet change to frozen version normal on input l
ine 506.
LaTeX Font Info:    No math alphabet change to frozen version normal on input l
ine 506.
LaTeX Font Info:    No math alphabet change to frozen version normal on input l
ine 508.
LaTeX Font Info:    No math alphabet change to frozen version normal on input l
ine 512.
LaTeX Font Info:    No math alphabet change to frozen version normal on input l
ine 512.

Overfull \hbox (5.82637pt too wide) in paragraph at lines 512--514
\T1/stix/m/n/10 all eval-u-ated per-tur-ba-tions $\LS2/stixcal/m/n/10 P$\T1/sti
x/m/n/10 , the perturbation-specific LMOS
 []

LaTeX Font Info:    No math alphabet change to frozen version normal on input l
ine 514.
LaTeX Font Info:    No math alphabet change to frozen version normal on input l
ine 524.
[4]
LaTeX Font Info:    No math alphabet change to frozen version normal on input l
ine 529.
LaTeX Font Info:    No math alphabet change to frozen version normal on input l
ine 529.
LaTeX Font Info:    No math alphabet change to frozen version normal on input l
ine 529.
LaTeX Font Info:    No math alphabet change to frozen version normal on input l
ine 529.
LaTeX Font Info:    No math alphabet change to frozen version normal on input l
ine 529.
LaTeX Font Info:    Nested math: keeping math alphabet allocation in version no
rmal on input line 534.
LaTeX Font Info:    No math alphabet change to frozen version normal on input l
ine 534.
LaTeX Font Info:    Nested math: keeping math alphabet allocation in version no
rmal on input line 541.
LaTeX Font Info:    No math alphabet change to frozen version normal on input l
ine 541.
LaTeX Font Info:    No math alphabet change to frozen version normal on input l
ine 543.
LaTeX Font Info:    No math alphabet change to frozen version normal on input l
ine 543.
LaTeX Font Info:    No math alphabet change to frozen version normal on input l
ine 560.
LaTeX Font Info:    No math alphabet change to frozen version normal on input l
ine 568.

Underfull \hbox (badness 1132) in paragraph at lines 571--574
[]\T1/stix/b/n/10 FLRS\T1/stix/m/n/10 : FLRS (or Flow-ers [[]]) is a large im-a
ge
 []

LaTeX Font Info:    No math alphabet change to frozen version normal on input l
ine 576.
LaTeX Font Info:    No math alphabet change to frozen version normal on input l
ine 587.
LaTeX Font Info:    No math alphabet change to frozen version normal on input l
ine 587.
LaTeX Font Info:    No math alphabet change to frozen version normal on input l
ine 587.
(tables/tbl_dataset_distribution.tex
LaTeX Font Info:    No math alphabet change to frozen version normal on input l
ine 3.
LaTeX Font Info:    No math alphabet change to frozen version normal on input l
ine 43.
)
LaTeX Font Info:    No math alphabet change to frozen version normal on input l
ine 611.
LaTeX Font Info:    No math alphabet change to frozen version normal on input l
ine 615.
LaTeX Font Info:    No math alphabet change to frozen version normal on input l
ine 621.
 [5]
LaTeX Font Info:    No math alphabet change to frozen version normal on input l
ine 621.
LaTeX Font Info:    No math alphabet change to frozen version normal on input l
ine 621.
LaTeX Font Info:    No math alphabet change to frozen version normal on input l
ine 621.
LaTeX Font Info:    No math alphabet change to frozen version normal on input l
ine 622.

Overfull \hbox (1.95804pt too wide) in paragraph at lines 621--623
[]\T1/stix/b/n/10 Contrast Ad-just-ment: \T1/stix/m/n/10 Mod-i-fied us-ing mean
-centered
 []

LaTeX Font Info:    No math alphabet change to frozen version normal on input l
ine 625.
LaTeX Font Info:    No math alphabet change to frozen version normal on input l
ine 625.
LaTeX Font Info:    No math alphabet change to frozen version normal on input l
ine 627.

Underfull \hbox (badness 1215) in paragraph at lines 639--640
\T1/stix/m/n/10 with lin-ear bot-tle-necks and lightweight depth-wise
 []


Overfull \hbox (1.11552pt too wide) in paragraph at lines 639--640
\T1/stix/m/n/10 con-vo-lu-tions to re-duce com-pu-ta-tional cost while main-
 []


Overfull \hbox (1.60641pt too wide) in paragraph at lines 641--642
\T1/stix/m/n/10 prop-a-ga-tion, and helps al-le-vi-ate the vanishing-gradient
 []

LaTeX Font Info:    No math alphabet change to frozen version normal on input l
ine 643.

Overfull \hbox (6.408pt too wide) in paragraph at lines 645--646
[]\T1/stix/b/n/10 ResNet50\T1/stix/m/n/10 : ResNet50 em-ploys resid-ual learn-i
ng through
 []

LaTeX Font Info:    No math alphabet change to frozen version normal on input l
ine 653.
LaTeX Font Info:    No math alphabet change to frozen version normal on input l
ine 654.
LaTeX Font Info:    No math alphabet change to frozen version normal on input l
ine 654.
LaTeX Font Info:    No math alphabet change to frozen version normal on input l
ine 655.
[6
pdfTeX warning (ext4): destination with the same identifier (name{table.2}) has
 been already used, duplicate ignored
<argument> ...shipout:D \box_use:N \l_shipout_box 
                                                  \__shipout_drop_firstpage_...
l.655 	
       ]
LaTeX Font Info:    No math alphabet change to frozen version normal on input l
ine 656.
LaTeX Font Info:    No math alphabet change to frozen version normal on input l
ine 657.
LaTeX Font Info:    No math alphabet change to frozen version normal on input l
ine 659.
LaTeX Font Info:    No math alphabet change to frozen version normal on input l
ine 659.
LaTeX Font Info:    No math alphabet change to frozen version normal on input l
ine 666.
<images/threshold/EPLY/GradCAM_Results/Original/img_0004.png, id=176, 300.12125
pt x 300.12125pt>
File: images/threshold/EPLY/GradCAM_Results/Original/img_0004.png Graphic file 
(type png)
<use images/threshold/EPLY/GradCAM_Results/Original/img_0004.png>
Package pdftex.def Info: images/threshold/EPLY/GradCAM_Results/Original/img_000
4.png  used on input line 683.
(pdftex.def)             Requested size: 64.28856pt x 64.28667pt.
<images/threshold/EPLY/GradCAM_Results/Masked/img_0004.png, id=177, 300.12125pt
 x 300.12125pt>
File: images/threshold/EPLY/GradCAM_Results/Masked/img_0004.png Graphic file (t
ype png)
<use images/threshold/EPLY/GradCAM_Results/Masked/img_0004.png>
Package pdftex.def Info: images/threshold/EPLY/GradCAM_Results/Masked/img_0004.
png  used on input line 684.
(pdftex.def)             Requested size: 64.28856pt x 64.28667pt.
<images/threshold/EPLY/GradCAM_Results/GradCAM/img_0004.png, id=178, 300.12125p
t x 300.12125pt>
File: images/threshold/EPLY/GradCAM_Results/GradCAM/img_0004.png Graphic file (
type png)
<use images/threshold/EPLY/GradCAM_Results/GradCAM/img_0004.png>
Package pdftex.def Info: images/threshold/EPLY/GradCAM_Results/GradCAM/img_0004
.png  used on input line 685.
(pdftex.def)             Requested size: 64.28856pt x 64.28667pt.
<images/threshold/EPLY/GradCAM_Results/Threshold_05/img_0004.png, id=179, 300.1
2125pt x 300.12125pt>
File: images/threshold/EPLY/GradCAM_Results/Threshold_05/img_0004.png Graphic f
ile (type png)
<use images/threshold/EPLY/GradCAM_Results/Threshold_05/img_0004.png>
Package pdftex.def Info: images/threshold/EPLY/GradCAM_Results/Threshold_05/img
_0004.png  used on input line 686.
(pdftex.def)             Requested size: 64.28856pt x 64.28667pt.
<images/threshold/EPLY/GradCAM_Results/Threshold_06/img_0004.png, id=180, 300.1
2125pt x 300.12125pt>
File: images/threshold/EPLY/GradCAM_Results/Threshold_06/img_0004.png Graphic f
ile (type png)
<use images/threshold/EPLY/GradCAM_Results/Threshold_06/img_0004.png>
Package pdftex.def Info: images/threshold/EPLY/GradCAM_Results/Threshold_06/img
_0004.png  used on input line 687.
(pdftex.def)             Requested size: 64.28856pt x 64.28667pt.
<images/threshold/EPLY/GradCAM_Results/Threshold_07/img_0004.png, id=181, 300.1
2125pt x 300.12125pt>
File: images/threshold/EPLY/GradCAM_Results/Threshold_07/img_0004.png Graphic f
ile (type png)
<use images/threshold/EPLY/GradCAM_Results/Threshold_07/img_0004.png>
Package pdftex.def Info: images/threshold/EPLY/GradCAM_Results/Threshold_07/img
_0004.png  used on input line 688.
(pdftex.def)             Requested size: 64.28856pt x 64.28667pt.
<images/threshold/EPLY/GradCAM_Results/Threshold_08/img_0004.png, id=182, 300.1
2125pt x 300.12125pt>
File: images/threshold/EPLY/GradCAM_Results/Threshold_08/img_0004.png Graphic f
ile (type png)
<use images/threshold/EPLY/GradCAM_Results/Threshold_08/img_0004.png>
Package pdftex.def Info: images/threshold/EPLY/GradCAM_Results/Threshold_08/img
_0004.png  used on input line 689.
(pdftex.def)             Requested size: 64.28856pt x 64.28667pt.
<images/threshold/BDML/GradCAM_Results/Original/img_0000.png, id=183, 300.12125
pt x 300.12125pt>
File: images/threshold/BDML/GradCAM_Results/Original/img_0000.png Graphic file 
(type png)
<use images/threshold/BDML/GradCAM_Results/Original/img_0000.png>
Package pdftex.def Info: images/threshold/BDML/GradCAM_Results/Original/img_000
0.png  used on input line 693.
(pdftex.def)             Requested size: 64.28856pt x 64.28667pt.
<images/threshold/BDML/GradCAM_Results/Masked/img_0000.png, id=184, 300.12125pt
 x 300.12125pt>
File: images/threshold/BDML/GradCAM_Results/Masked/img_0000.png Graphic file (t
ype png)
<use images/threshold/BDML/GradCAM_Results/Masked/img_0000.png>
Package pdftex.def Info: images/threshold/BDML/GradCAM_Results/Masked/img_0000.
png  used on input line 694.
(pdftex.def)             Requested size: 64.28856pt x 64.28667pt.
<images/threshold/BDML/GradCAM_Results/GradCAM/img_0000.png, id=185, 300.12125p
t x 300.12125pt>
File: images/threshold/BDML/GradCAM_Results/GradCAM/img_0000.png Graphic file (
type png)
<use images/threshold/BDML/GradCAM_Results/GradCAM/img_0000.png>
Package pdftex.def Info: images/threshold/BDML/GradCAM_Results/GradCAM/img_0000
.png  used on input line 695.
(pdftex.def)             Requested size: 64.28856pt x 64.28667pt.
<images/threshold/BDML/GradCAM_Results/Threshold_05/img_0000.png, id=186, 300.1
2125pt x 300.12125pt>
File: images/threshold/BDML/GradCAM_Results/Threshold_05/img_0000.png Graphic f
ile (type png)
<use images/threshold/BDML/GradCAM_Results/Threshold_05/img_0000.png>
Package pdftex.def Info: images/threshold/BDML/GradCAM_Results/Threshold_05/img
_0000.png  used on input line 696.
(pdftex.def)             Requested size: 64.28856pt x 64.28667pt.
<images/threshold/BDML/GradCAM_Results/Threshold_06/img_0000.png, id=187, 300.1
2125pt x 300.12125pt>
File: images/threshold/BDML/GradCAM_Results/Threshold_06/img_0000.png Graphic f
ile (type png)
<use images/threshold/BDML/GradCAM_Results/Threshold_06/img_0000.png>
Package pdftex.def Info: images/threshold/BDML/GradCAM_Results/Threshold_06/img
_0000.png  used on input line 697.
(pdftex.def)             Requested size: 64.28856pt x 64.28667pt.
<images/threshold/BDML/GradCAM_Results/Threshold_07/img_0000.png, id=188, 300.1
2125pt x 300.12125pt>
File: images/threshold/BDML/GradCAM_Results/Threshold_07/img_0000.png Graphic f
ile (type png)
<use images/threshold/BDML/GradCAM_Results/Threshold_07/img_0000.png>
Package pdftex.def Info: images/threshold/BDML/GradCAM_Results/Threshold_07/img
_0000.png  used on input line 698.
(pdftex.def)             Requested size: 64.28856pt x 64.28667pt.
<images/threshold/BDML/GradCAM_Results/Threshold_08/img_0000.png, id=189, 300.1
2125pt x 300.12125pt>
File: images/threshold/BDML/GradCAM_Results/Threshold_08/img_0000.png Graphic f
ile (type png)
<use images/threshold/BDML/GradCAM_Results/Threshold_08/img_0000.png>
Package pdftex.def Info: images/threshold/BDML/GradCAM_Results/Threshold_08/img
_0000.png  used on input line 699.
(pdftex.def)             Requested size: 64.28856pt x 64.28667pt.
<images/threshold/FLRS/GradCAM_Results/Original/img_0014.png, id=190, 300.12125
pt x 300.12125pt>
File: images/threshold/FLRS/GradCAM_Results/Original/img_0014.png Graphic file 
(type png)
<use images/threshold/FLRS/GradCAM_Results/Original/img_0014.png>
Package pdftex.def Info: images/threshold/FLRS/GradCAM_Results/Original/img_001
4.png  used on input line 703.
(pdftex.def)             Requested size: 64.28856pt x 64.28667pt.
<images/threshold/FLRS/GradCAM_Results/Masked/img_0014.png, id=191, 300.12125pt
 x 300.12125pt>
File: images/threshold/FLRS/GradCAM_Results/Masked/img_0014.png Graphic file (t
ype png)
<use images/threshold/FLRS/GradCAM_Results/Masked/img_0014.png>
Package pdftex.def Info: images/threshold/FLRS/GradCAM_Results/Masked/img_0014.
png  used on input line 704.
(pdftex.def)             Requested size: 64.28856pt x 64.28667pt.
<images/threshold/FLRS/GradCAM_Results/GradCAM/img_0014.png, id=192, 300.12125p
t x 300.12125pt>
File: images/threshold/FLRS/GradCAM_Results/GradCAM/img_0014.png Graphic file (
type png)
<use images/threshold/FLRS/GradCAM_Results/GradCAM/img_0014.png>
Package pdftex.def Info: images/threshold/FLRS/GradCAM_Results/GradCAM/img_0014
.png  used on input line 705.
(pdftex.def)             Requested size: 64.28856pt x 64.28667pt.
<images/threshold/FLRS/GradCAM_Results/Threshold_05/img_0014.png, id=193, 300.1
2125pt x 300.12125pt>
File: images/threshold/FLRS/GradCAM_Results/Threshold_05/img_0014.png Graphic f
ile (type png)
<use images/threshold/FLRS/GradCAM_Results/Threshold_05/img_0014.png>
Package pdftex.def Info: images/threshold/FLRS/GradCAM_Results/Threshold_05/img
_0014.png  used on input line 706.
(pdftex.def)             Requested size: 64.28856pt x 64.28667pt.
<images/threshold/FLRS/GradCAM_Results/Threshold_06/img_0014.png, id=194, 300.1
2125pt x 300.12125pt>
File: images/threshold/FLRS/GradCAM_Results/Threshold_06/img_0014.png Graphic f
ile (type png)
<use images/threshold/FLRS/GradCAM_Results/Threshold_06/img_0014.png>
Package pdftex.def Info: images/threshold/FLRS/GradCAM_Results/Threshold_06/img
_0014.png  used on input line 707.
(pdftex.def)             Requested size: 64.28856pt x 64.28667pt.
<images/threshold/FLRS/GradCAM_Results/Threshold_07/img_0014.png, id=195, 300.1
2125pt x 300.12125pt>
File: images/threshold/FLRS/GradCAM_Results/Threshold_07/img_0014.png Graphic f
ile (type png)
<use images/threshold/FLRS/GradCAM_Results/Threshold_07/img_0014.png>
Package pdftex.def Info: images/threshold/FLRS/GradCAM_Results/Threshold_07/img
_0014.png  used on input line 708.
(pdftex.def)             Requested size: 64.28856pt x 64.28667pt.
<images/threshold/FLRS/GradCAM_Results/Threshold_08/img_0014.png, id=196, 300.1
2125pt x 300.12125pt>
File: images/threshold/FLRS/GradCAM_Results/Threshold_08/img_0014.png Graphic f
ile (type png)
<use images/threshold/FLRS/GradCAM_Results/Threshold_08/img_0014.png>
Package pdftex.def Info: images/threshold/FLRS/GradCAM_Results/Threshold_08/img
_0014.png  used on input line 709.
(pdftex.def)             Requested size: 64.28856pt x 64.28667pt.
<images/threshold/FR/GradCAM_Results/Original/img_0013.png, id=197, 300.12125pt
 x 300.12125pt>
File: images/threshold/FR/GradCAM_Results/Original/img_0013.png Graphic file (t
ype png)
<use images/threshold/FR/GradCAM_Results/Original/img_0013.png>
Package pdftex.def Info: images/threshold/FR/GradCAM_Results/Original/img_0013.
png  used on input line 713.
(pdftex.def)             Requested size: 64.28856pt x 64.28667pt.
<images/threshold/FR/GradCAM_Results/Masked/img_0013.png, id=198, 300.12125pt x
 300.12125pt>
File: images/threshold/FR/GradCAM_Results/Masked/img_0013.png Graphic file (typ
e png)
<use images/threshold/FR/GradCAM_Results/Masked/img_0013.png>
Package pdftex.def Info: images/threshold/FR/GradCAM_Results/Masked/img_0013.pn
g  used on input line 714.
(pdftex.def)             Requested size: 64.28856pt x 64.28667pt.
<images/threshold/FR/GradCAM_Results/GradCAM/img_0013.png, id=199, 300.12125pt 
x 300.12125pt>
File: images/threshold/FR/GradCAM_Results/GradCAM/img_0013.png Graphic file (ty
pe png)
<use images/threshold/FR/GradCAM_Results/GradCAM/img_0013.png>
Package pdftex.def Info: images/threshold/FR/GradCAM_Results/GradCAM/img_0013.p
ng  used on input line 715.
(pdftex.def)             Requested size: 64.28856pt x 64.28667pt.
<images/threshold/FR/GradCAM_Results/Threshold_05/img_0013.png, id=200, 300.121
25pt x 300.12125pt>
File: images/threshold/FR/GradCAM_Results/Threshold_05/img_0013.png Graphic fil
e (type png)
<use images/threshold/FR/GradCAM_Results/Threshold_05/img_0013.png>
Package pdftex.def Info: images/threshold/FR/GradCAM_Results/Threshold_05/img_0
013.png  used on input line 716.
(pdftex.def)             Requested size: 64.28856pt x 64.28667pt.
<images/threshold/FR/GradCAM_Results/Threshold_06/img_0013.png, id=201, 300.121
25pt x 300.12125pt>
File: images/threshold/FR/GradCAM_Results/Threshold_06/img_0013.png Graphic fil
e (type png)
<use images/threshold/FR/GradCAM_Results/Threshold_06/img_0013.png>
Package pdftex.def Info: images/threshold/FR/GradCAM_Results/Threshold_06/img_0
013.png  used on input line 717.
(pdftex.def)             Requested size: 64.28856pt x 64.28667pt.
<images/threshold/FR/GradCAM_Results/Threshold_07/img_0013.png, id=202, 300.121
25pt x 300.12125pt>
File: images/threshold/FR/GradCAM_Results/Threshold_07/img_0013.png Graphic fil
e (type png)
<use images/threshold/FR/GradCAM_Results/Threshold_07/img_0013.png>
Package pdftex.def Info: images/threshold/FR/GradCAM_Results/Threshold_07/img_0
013.png  used on input line 718.
(pdftex.def)             Requested size: 64.28856pt x 64.28667pt.
<images/threshold/FR/GradCAM_Results/Threshold_08/img_0013.png, id=203, 300.121
25pt x 300.12125pt>
File: images/threshold/FR/GradCAM_Results/Threshold_08/img_0013.png Graphic fil
e (type png)
<use images/threshold/FR/GradCAM_Results/Threshold_08/img_0013.png>
Package pdftex.def Info: images/threshold/FR/GradCAM_Results/Threshold_08/img_0
013.png  used on input line 719.
(pdftex.def)             Requested size: 64.28856pt x 64.28667pt.
LaTeX Font Info:    No math alphabet change to frozen version normal on input l
ine 722.

Overfull \hbox (29.17392pt too wide) in paragraph at lines 671--723
 [][] 
 []

LaTeX Font Info:    No math alphabet change to frozen version normal on input l
ine 725.
LaTeX Font Info:    No math alphabet change to frozen version normal on input l
ine 727.
LaTeX Font Info:    No math alphabet change to frozen version normal on input l
ine 728.
LaTeX Font Info:    No math alphabet change to frozen version normal on input l
ine 740.
LaTeX Font Info:    No math alphabet change to frozen version normal on input l
ine 745.
LaTeX Font Info:    No math alphabet change to frozen version normal on input l
ine 745.
LaTeX Font Info:    No math alphabet change to frozen version normal on input l
ine 747.
LaTeX Font Info:    No math alphabet change to frozen version normal on input l
ine 748.
LaTeX Font Info:    No math alphabet change to frozen version normal on input l
ine 748.
LaTeX Font Info:    No math alphabet change to frozen version normal on input l
ine 753.
LaTeX Font Info:    Nested math: keeping math alphabet allocation in version no
rmal on input line 754.
LaTeX Font Info:    Nested math: keeping math alphabet allocation in version no
rmal on input line 754.
LaTeX Font Info:    Nested math: keeping math alphabet allocation in version no
rmal on input line 754.
LaTeX Font Info:    No math alphabet change to frozen version normal on input l
ine 754.
LaTeX Font Info:    No math alphabet change to frozen version normal on input l
ine 758.
LaTeX Font Info:    No math alphabet change to frozen version normal on input l
ine 758.
LaTeX Font Info:    Nested math: keeping math alphabet allocation in version no
rmal on input line 759.
LaTeX Font Info:    Nested math: keeping math alphabet allocation in version no
rmal on input line 759.
LaTeX Font Info:    Nested math: keeping math alphabet allocation in version no
rmal on input line 761.
LaTeX Font Info:    No math alphabet change to frozen version normal on input l
ine 761.
[7
pdfTeX warning (ext4): destination with the same identifier (name{table.3}) has
 been already used, duplicate ignored
<argument> ...shipout:D \box_use:N \l_shipout_box 
                                                  \__shipout_drop_firstpage_...
l.761 .../o acc}} = \frac{S_{\mathrm{LMOS}}}{2}.$$
                                                   <./images/threshold/EPLY/Gra
dCAM_Results/Original/img_0004.png (PNG copy)> <./images/threshold/EPLY/GradCAM
_Results/Masked/img_0004.png (PNG copy)> <./images/threshold/EPLY/GradCAM_Resul
ts/GradCAM/img_0004.png (PNG copy)> <./images/threshold/EPLY/GradCAM_Results/Th
reshold_05/img_0004.png (PNG copy)> <./images/threshold/EPLY/GradCAM_Results/Th
reshold_06/img_0004.png (PNG copy)> <./images/threshold/EPLY/GradCAM_Results/Th
reshold_07/img_0004.png (PNG copy)> <./images/threshold/EPLY/GradCAM_Results/Th
reshold_08/img_0004.png (PNG copy)> <./images/threshold/BDML/GradCAM_Results/Or
iginal/img_0000.png (PNG copy)> <./images/threshold/BDML/GradCAM_Results/Masked
/img_0000.png (PNG copy)> <./images/threshold/BDML/GradCAM_Results/GradCAM/img_
0000.png (PNG copy)> <./images/threshold/BDML/GradCAM_Results/Threshold_05/img_
0000.png (PNG copy)> <./images/threshold/BDML/GradCAM_Results/Threshold_06/img_
0000.png (PNG copy)> <./images/threshold/BDML/GradCAM_Results/Threshold_07/img_
0000.png (PNG copy)> <./images/threshold/BDML/GradCAM_Results/Threshold_08/img_
0000.png (PNG copy)> <./images/threshold/FLRS/GradCAM_Results/Original/img_0014
.png (PNG copy)> <./images/threshold/FLRS/GradCAM_Results/Masked/img_0014.png (
PNG copy)> <./images/threshold/FLRS/GradCAM_Results/GradCAM/img_0014.png (PNG c
opy)> <./images/threshold/FLRS/GradCAM_Results/Threshold_05/img_0014.png (PNG c
opy)> <./images/threshold/FLRS/GradCAM_Results/Threshold_06/img_0014.png (PNG c
opy)> <./images/threshold/FLRS/GradCAM_Results/Threshold_07/img_0014.png (PNG c
opy)> <./images/threshold/FLRS/GradCAM_Results/Threshold_08/img_0014.png (PNG c
opy)> <./images/threshold/FR/GradCAM_Results/Original/img_0013.png (PNG copy)> 
<./images/threshold/FR/GradCAM_Results/Masked/img_0013.png (PNG copy)> <./image
s/threshold/FR/GradCAM_Results/GradCAM/img_0013.png (PNG copy)> <./images/thres
hold/FR/GradCAM_Results/Threshold_05/img_0013.png (PNG copy)> <./images/thresho
ld/FR/GradCAM_Results/Threshold_06/img_0013.png (PNG copy)> <./images/threshold
/FR/GradCAM_Results/Threshold_07/img_0013.png (PNG copy)> <./images/threshold/F
R/GradCAM_Results/Threshold_08/img_0013.png (PNG copy)>]
LaTeX Font Info:    No math alphabet change to frozen version normal on input l
ine 761.
LaTeX Font Info:    No math alphabet change to frozen version normal on input l
ine 779.

(tables/tbl_sample_xai.tex

Package array Warning: Column C is already defined on input line 2.

LaTeX Font Info:    No math alphabet change to frozen version normal on input l
ine 11.
LaTeX Font Info:    No math alphabet change to frozen version normal on input l
ine 195.
<images/Introduction/EgyPLI/Xception/IMG_20240710_162039_original.png, id=217, 
300.12125pt x 300.12125pt>
File: images/Introduction/EgyPLI/Xception/IMG_20240710_162039_original.png Grap
hic file (type png)
<use images/Introduction/EgyPLI/Xception/IMG_20240710_162039_original.png>
Package pdftex.def Info: images/Introduction/EgyPLI/Xception/IMG_20240710_16203
9_original.png  used on input line 195.
(pdftex.def)             Requested size: 56.9055pt x 56.90456pt.
LaTeX Font Info:    No math alphabet change to frozen version normal on input l
ine 195.

Overfull \hbox (6.30954pt too wide) in paragraph at lines 195--195
 []|[]| 
 []

<images/Introduction/EgyPLI/Xception/IMG_20240710_162039_segmented.png, id=218,
 300.12125pt x 300.12125pt>
File: images/Introduction/EgyPLI/Xception/IMG_20240710_162039_segmented.png Gra
phic file (type png)
<use images/Introduction/EgyPLI/Xception/IMG_20240710_162039_segmented.png>
Package pdftex.def Info: images/Introduction/EgyPLI/Xception/IMG_20240710_16203
9_segmented.png  used on input line 195.
(pdftex.def)             Requested size: 56.9055pt x 56.90456pt.
LaTeX Font Info:    No math alphabet change to frozen version normal on input l
ine 195.

Overfull \hbox (6.30954pt too wide) in paragraph at lines 195--195
 []|[]| 
 []

<images/Introduction/EgyPLI/Xception/IMG_20240710_162039_clean.png, id=219, 300
.12125pt x 300.12125pt>
File: images/Introduction/EgyPLI/Xception/IMG_20240710_162039_clean.png Graphic
 file (type png)
<use images/Introduction/EgyPLI/Xception/IMG_20240710_162039_clean.png>
Package pdftex.def Info: images/Introduction/EgyPLI/Xception/IMG_20240710_16203
9_clean.png  used on input line 195.
(pdftex.def)             Requested size: 56.9055pt x 56.90456pt.
LaTeX Font Info:    No math alphabet change to frozen version normal on input l
ine 195.

Overfull \hbox (6.30954pt too wide) in paragraph at lines 195--195
 []|[]| 
 []

<images/Introduction/EgyPLI/Xception/IMG_20240710_162039_hue.png, id=220, 300.1
2125pt x 300.12125pt>
File: images/Introduction/EgyPLI/Xception/IMG_20240710_162039_hue.png Graphic f
ile (type png)
<use images/Introduction/EgyPLI/Xception/IMG_20240710_162039_hue.png>
Package pdftex.def Info: images/Introduction/EgyPLI/Xception/IMG_20240710_16203
9_hue.png  used on input line 195.
(pdftex.def)             Requested size: 56.9055pt x 56.90456pt.
LaTeX Font Info:    No math alphabet change to frozen version normal on input l
ine 195.

Overfull \hbox (6.30954pt too wide) in paragraph at lines 195--195
 []|[]| 
 []

<images/Introduction/EgyPLI/Xception/IMG_20240710_162039_blur.png, id=221, 300.
12125pt x 300.12125pt>
File: images/Introduction/EgyPLI/Xception/IMG_20240710_162039_blur.png Graphic 
file (type png)
<use images/Introduction/EgyPLI/Xception/IMG_20240710_162039_blur.png>
Package pdftex.def Info: images/Introduction/EgyPLI/Xception/IMG_20240710_16203
9_blur.png  used on input line 195.
(pdftex.def)             Requested size: 56.9055pt x 56.90456pt.
LaTeX Font Info:    No math alphabet change to frozen version normal on input l
ine 195.

Overfull \hbox (6.30954pt too wide) in paragraph at lines 195--195
 []|[]| 
 []

<images/Introduction/EgyPLI/Xception/IMG_20240710_162039_contrast.png, id=222, 
300.12125pt x 300.12125pt>
File: images/Introduction/EgyPLI/Xception/IMG_20240710_162039_contrast.png Grap
hic file (type png)
<use images/Introduction/EgyPLI/Xception/IMG_20240710_162039_contrast.png>
Package pdftex.def Info: images/Introduction/EgyPLI/Xception/IMG_20240710_16203
9_contrast.png  used on input line 195.
(pdftex.def)             Requested size: 56.9055pt x 56.90456pt.
LaTeX Font Info:    No math alphabet change to frozen version normal on input l
ine 195.

Overfull \hbox (6.30954pt too wide) in paragraph at lines 195--195
 []|[]| 
 []

<images/Introduction/EgyPLI/Xception/IMG_20240710_162039_compression.png, id=22
3, 300.12125pt x 300.12125pt>
File: images/Introduction/EgyPLI/Xception/IMG_20240710_162039_compression.png G
raphic file (type png)
<use images/Introduction/EgyPLI/Xception/IMG_20240710_162039_compression.png>
Package pdftex.def Info: images/Introduction/EgyPLI/Xception/IMG_20240710_16203
9_compression.png  used on input line 195.
(pdftex.def)             Requested size: 56.9055pt x 56.90456pt.
LaTeX Font Info:    No math alphabet change to frozen version normal on input l
ine 195.

Overfull \hbox (6.30954pt too wide) in paragraph at lines 195--195
 []|[]| 
 []

LaTeX Font Info:    No math alphabet change to frozen version normal on input l
ine 195.
<images/Introduction/EgyPLI/Custom_CNN/IMG_20240710_162039_original.png, id=224
, 224.84pt x 224.84pt>
File: images/Introduction/EgyPLI/Custom_CNN/IMG_20240710_162039_original.png Gr
aphic file (type png)
<use images/Introduction/EgyPLI/Custom_CNN/IMG_20240710_162039_original.png>
Package pdftex.def Info: images/Introduction/EgyPLI/Custom_CNN/IMG_20240710_162
039_original.png  used on input line 195.
(pdftex.def)             Requested size: 56.9055pt x 56.9063pt.
LaTeX Font Info:    No math alphabet change to frozen version normal on input l
ine 195.

Overfull \hbox (6.30954pt too wide) in paragraph at lines 195--195
 []|[]| 
 []

<images/Introduction/EgyPLI/Custom_CNN/IMG_20240710_162039_segmented.png, id=22
5, 224.84pt x 224.84pt>
File: images/Introduction/EgyPLI/Custom_CNN/IMG_20240710_162039_segmented.png G
raphic file (type png)
<use images/Introduction/EgyPLI/Custom_CNN/IMG_20240710_162039_segmented.png>
Package pdftex.def Info: images/Introduction/EgyPLI/Custom_CNN/IMG_20240710_162
039_segmented.png  used on input line 195.
(pdftex.def)             Requested size: 56.9055pt x 56.9063pt.
LaTeX Font Info:    No math alphabet change to frozen version normal on input l
ine 195.

Overfull \hbox (6.30954pt too wide) in paragraph at lines 195--195
 []|[]| 
 []

<images/Introduction/EgyPLI/Custom_CNN/IMG_20240710_162039_clean.png, id=226, 2
24.84pt x 224.84pt>
File: images/Introduction/EgyPLI/Custom_CNN/IMG_20240710_162039_clean.png Graph
ic file (type png)
<use images/Introduction/EgyPLI/Custom_CNN/IMG_20240710_162039_clean.png>
Package pdftex.def Info: images/Introduction/EgyPLI/Custom_CNN/IMG_20240710_162
039_clean.png  used on input line 195.
(pdftex.def)             Requested size: 56.9055pt x 56.9063pt.
LaTeX Font Info:    No math alphabet change to frozen version normal on input l
ine 195.

Overfull \hbox (6.30954pt too wide) in paragraph at lines 195--195
 []|[]| 
 []

<images/Introduction/EgyPLI/Custom_CNN/IMG_20240710_162039_hue.png, id=227, 224
.84pt x 224.84pt>
File: images/Introduction/EgyPLI/Custom_CNN/IMG_20240710_162039_hue.png Graphic
 file (type png)
<use images/Introduction/EgyPLI/Custom_CNN/IMG_20240710_162039_hue.png>
Package pdftex.def Info: images/Introduction/EgyPLI/Custom_CNN/IMG_20240710_162
039_hue.png  used on input line 195.
(pdftex.def)             Requested size: 56.9055pt x 56.9063pt.
LaTeX Font Info:    No math alphabet change to frozen version normal on input l
ine 195.

Overfull \hbox (6.30954pt too wide) in paragraph at lines 195--195
 []|[]| 
 []

<images/Introduction/EgyPLI/Custom_CNN/IMG_20240710_162039_blur.png, id=228, 22
4.84pt x 224.84pt>
File: images/Introduction/EgyPLI/Custom_CNN/IMG_20240710_162039_blur.png Graphi
c file (type png)
<use images/Introduction/EgyPLI/Custom_CNN/IMG_20240710_162039_blur.png>
Package pdftex.def Info: images/Introduction/EgyPLI/Custom_CNN/IMG_20240710_162
039_blur.png  used on input line 195.
(pdftex.def)             Requested size: 56.9055pt x 56.9063pt.
LaTeX Font Info:    No math alphabet change to frozen version normal on input l
ine 195.

Overfull \hbox (6.30954pt too wide) in paragraph at lines 195--195
 []|[]| 
 []

<images/Introduction/EgyPLI/Custom_CNN/IMG_20240710_162039_contrast.png, id=229
, 224.84pt x 224.84pt>
File: images/Introduction/EgyPLI/Custom_CNN/IMG_20240710_162039_contrast.png Gr
aphic file (type png)
<use images/Introduction/EgyPLI/Custom_CNN/IMG_20240710_162039_contrast.png>
Package pdftex.def Info: images/Introduction/EgyPLI/Custom_CNN/IMG_20240710_162
039_contrast.png  used on input line 195.
(pdftex.def)             Requested size: 56.9055pt x 56.9063pt.
LaTeX Font Info:    No math alphabet change to frozen version normal on input l
ine 195.

Overfull \hbox (6.30954pt too wide) in paragraph at lines 195--195
 []|[]| 
 []

<images/Introduction/EgyPLI/Custom_CNN/IMG_20240710_162039_compression.png, id=
230, 224.84pt x 224.84pt>
File: images/Introduction/EgyPLI/Custom_CNN/IMG_20240710_162039_compression.png
 Graphic file (type png)
<use images/Introduction/EgyPLI/Custom_CNN/IMG_20240710_162039_compression.png>

Package pdftex.def Info: images/Introduction/EgyPLI/Custom_CNN/IMG_20240710_162
039_compression.png  used on input line 195.
(pdftex.def)             Requested size: 56.9055pt x 56.9063pt.
LaTeX Font Info:    No math alphabet change to frozen version normal on input l
ine 195.

Overfull \hbox (6.30954pt too wide) in paragraph at lines 195--195
 []|[]| 
 []

LaTeX Font Info:    No math alphabet change to frozen version normal on input l
ine 195.
<images/Introduction/BDML/Xception/IMG_9012_original.png, id=231, 300.12125pt x
 300.12125pt>
File: images/Introduction/BDML/Xception/IMG_9012_original.png Graphic file (typ
e png)
<use images/Introduction/BDML/Xception/IMG_9012_original.png>
Package pdftex.def Info: images/Introduction/BDML/Xception/IMG_9012_original.pn
g  used on input line 195.
(pdftex.def)             Requested size: 56.9055pt x 56.90456pt.
LaTeX Font Info:    No math alphabet change to frozen version normal on input l
ine 195.

Overfull \hbox (23.7851pt too wide) in paragraph at lines 195--195
 []|[]| 
 []

<images/Introduction/BDML/Xception/IMG_9012_segmented.png, id=232, 300.12125pt 
x 300.12125pt>
File: images/Introduction/BDML/Xception/IMG_9012_segmented.png Graphic file (ty
pe png)
<use images/Introduction/BDML/Xception/IMG_9012_segmented.png>
Package pdftex.def Info: images/Introduction/BDML/Xception/IMG_9012_segmented.p
ng  used on input line 195.
(pdftex.def)             Requested size: 56.9055pt x 56.90456pt.
LaTeX Font Info:    No math alphabet change to frozen version normal on input l
ine 195.

Overfull \hbox (6.30954pt too wide) in paragraph at lines 195--195
 []|[]| 
 []

<images/Introduction/BDML/Xception/IMG_9012_clean.png, id=233, 300.12125pt x 30
0.12125pt>
File: images/Introduction/BDML/Xception/IMG_9012_clean.png Graphic file (type p
ng)
<use images/Introduction/BDML/Xception/IMG_9012_clean.png>
Package pdftex.def Info: images/Introduction/BDML/Xception/IMG_9012_clean.png  
used on input line 195.
(pdftex.def)             Requested size: 56.9055pt x 56.90456pt.
LaTeX Font Info:    No math alphabet change to frozen version normal on input l
ine 195.

Overfull \hbox (6.30954pt too wide) in paragraph at lines 195--195
 []|[]| 
 []

<images/Introduction/BDML/Xception/IMG_9012_hue.png, id=234, 300.12125pt x 300.
12125pt>
File: images/Introduction/BDML/Xception/IMG_9012_hue.png Graphic file (type png
)
<use images/Introduction/BDML/Xception/IMG_9012_hue.png>
Package pdftex.def Info: images/Introduction/BDML/Xception/IMG_9012_hue.png  us
ed on input line 195.
(pdftex.def)             Requested size: 56.9055pt x 56.90456pt.
LaTeX Font Info:    No math alphabet change to frozen version normal on input l
ine 195.

Overfull \hbox (6.30954pt too wide) in paragraph at lines 195--195
 []|[]| 
 []

<images/Introduction/BDML/Xception/IMG_9012_blur.png, id=235, 300.12125pt x 300
.12125pt>
File: images/Introduction/BDML/Xception/IMG_9012_blur.png Graphic file (type pn
g)
<use images/Introduction/BDML/Xception/IMG_9012_blur.png>
Package pdftex.def Info: images/Introduction/BDML/Xception/IMG_9012_blur.png  u
sed on input line 195.
(pdftex.def)             Requested size: 56.9055pt x 56.90456pt.
LaTeX Font Info:    No math alphabet change to frozen version normal on input l
ine 195.

Overfull \hbox (6.30954pt too wide) in paragraph at lines 195--195
 []|[]| 
 []

<images/Introduction/BDML/Xception/IMG_9012_contrast.png, id=236, 300.12125pt x
 300.12125pt>
File: images/Introduction/BDML/Xception/IMG_9012_contrast.png Graphic file (typ
e png)
<use images/Introduction/BDML/Xception/IMG_9012_contrast.png>
Package pdftex.def Info: images/Introduction/BDML/Xception/IMG_9012_contrast.pn
g  used on input line 195.
(pdftex.def)             Requested size: 56.9055pt x 56.90456pt.
LaTeX Font Info:    No math alphabet change to frozen version normal on input l
ine 195.

Overfull \hbox (6.30954pt too wide) in paragraph at lines 195--195
 []|[]| 
 []

<images/Introduction/BDML/Xception/IMG_9012_compression.png, id=237, 300.12125p
t x 300.12125pt>
File: images/Introduction/BDML/Xception/IMG_9012_compression.png Graphic file (
type png)
<use images/Introduction/BDML/Xception/IMG_9012_compression.png>
Package pdftex.def Info: images/Introduction/BDML/Xception/IMG_9012_compression
.png  used on input line 195.
(pdftex.def)             Requested size: 56.9055pt x 56.90456pt.
LaTeX Font Info:    No math alphabet change to frozen version normal on input l
ine 195.

Overfull \hbox (6.30954pt too wide) in paragraph at lines 195--195
 []|[]| 
 []

LaTeX Font Info:    No math alphabet change to frozen version normal on input l
ine 195.
<images/Introduction/BDML/Inception_V3/IMG_9012_original.png, id=238, 224.84pt 
x 224.84pt>
File: images/Introduction/BDML/Inception_V3/IMG_9012_original.png Graphic file 
(type png)
<use images/Introduction/BDML/Inception_V3/IMG_9012_original.png>
Package pdftex.def Info: images/Introduction/BDML/Inception_V3/IMG_9012_origina
l.png  used on input line 195.
(pdftex.def)             Requested size: 56.9055pt x 56.9063pt.
LaTeX Font Info:    No math alphabet change to frozen version normal on input l
ine 195.

Overfull \hbox (23.7851pt too wide) in paragraph at lines 195--195
 []|[]| 
 []

<images/Introduction/BDML/Inception_V3/IMG_9012_segmented.png, id=239, 224.84pt
 x 224.84pt>
File: images/Introduction/BDML/Inception_V3/IMG_9012_segmented.png Graphic file
 (type png)
<use images/Introduction/BDML/Inception_V3/IMG_9012_segmented.png>
Package pdftex.def Info: images/Introduction/BDML/Inception_V3/IMG_9012_segment
ed.png  used on input line 195.
(pdftex.def)             Requested size: 56.9055pt x 56.9063pt.
LaTeX Font Info:    No math alphabet change to frozen version normal on input l
ine 195.

Overfull \hbox (6.30954pt too wide) in paragraph at lines 195--195
 []|[]| 
 []

<images/Introduction/BDML/Inception_V3/IMG_9012_clean.png, id=240, 224.84pt x 2
24.84pt>
File: images/Introduction/BDML/Inception_V3/IMG_9012_clean.png Graphic file (ty
pe png)
<use images/Introduction/BDML/Inception_V3/IMG_9012_clean.png>
Package pdftex.def Info: images/Introduction/BDML/Inception_V3/IMG_9012_clean.p
ng  used on input line 195.
(pdftex.def)             Requested size: 56.9055pt x 56.9063pt.
LaTeX Font Info:    No math alphabet change to frozen version normal on input l
ine 195.

Overfull \hbox (6.30954pt too wide) in paragraph at lines 195--195
 []|[]| 
 []

<images/Introduction/BDML/Inception_V3/IMG_9012_hue.png, id=241, 224.84pt x 224
.84pt>
File: images/Introduction/BDML/Inception_V3/IMG_9012_hue.png Graphic file (type
 png)
<use images/Introduction/BDML/Inception_V3/IMG_9012_hue.png>
Package pdftex.def Info: images/Introduction/BDML/Inception_V3/IMG_9012_hue.png
  used on input line 195.
(pdftex.def)             Requested size: 56.9055pt x 56.9063pt.
LaTeX Font Info:    No math alphabet change to frozen version normal on input l
ine 195.

Overfull \hbox (6.30954pt too wide) in paragraph at lines 195--195
 []|[]| 
 []

<images/Introduction/BDML/Inception_V3/IMG_9012_blur.png, id=242, 224.84pt x 22
4.84pt>
File: images/Introduction/BDML/Inception_V3/IMG_9012_blur.png Graphic file (typ
e png)
<use images/Introduction/BDML/Inception_V3/IMG_9012_blur.png>
Package pdftex.def Info: images/Introduction/BDML/Inception_V3/IMG_9012_blur.pn
g  used on input line 195.
(pdftex.def)             Requested size: 56.9055pt x 56.9063pt.
LaTeX Font Info:    No math alphabet change to frozen version normal on input l
ine 195.

Overfull \hbox (6.30954pt too wide) in paragraph at lines 195--195
 []|[]| 
 []

<images/Introduction/BDML/Inception_V3/IMG_9012_contrast.png, id=243, 224.84pt 
x 224.84pt>
File: images/Introduction/BDML/Inception_V3/IMG_9012_contrast.png Graphic file 
(type png)
<use images/Introduction/BDML/Inception_V3/IMG_9012_contrast.png>
Package pdftex.def Info: images/Introduction/BDML/Inception_V3/IMG_9012_contras
t.png  used on input line 195.
(pdftex.def)             Requested size: 56.9055pt x 56.9063pt.
LaTeX Font Info:    No math alphabet change to frozen version normal on input l
ine 195.
LaTeX Font Info:    No math alphabet change to frozen version normal on input l
ine 195.

Overfull \hbox (6.30954pt too wide) in paragraph at lines 195--195
 []|[]| 
 []

<images/Introduction/BDML/Inception_V3/IMG_9012_compression.png, id=244, 224.84
pt x 224.84pt>
File: images/Introduction/BDML/Inception_V3/IMG_9012_compression.png Graphic fi
le (type png)
<use images/Introduction/BDML/Inception_V3/IMG_9012_compression.png>
Package pdftex.def Info: images/Introduction/BDML/Inception_V3/IMG_9012_compres
sion.png  used on input line 195.
(pdftex.def)             Requested size: 56.9055pt x 56.9063pt.
LaTeX Font Info:    No math alphabet change to frozen version normal on input l
ine 195.

Overfull \hbox (6.30954pt too wide) in paragraph at lines 195--195
 []|[]| 
 []

LaTeX Font Info:    No math alphabet change to frozen version normal on input l
ine 195.
LaTeX Font Info:    No math alphabet change to frozen version normal on input l
ine 204.
LaTeX Font Info:    No math alphabet change to frozen version normal on input l
ine 388.
<images/Introduction/tensorflow_dataset/Xception/11944957684_2cc806276e_origina
l.png, id=245, 300.12125pt x 300.12125pt>
File: images/Introduction/tensorflow_dataset/Xception/11944957684_2cc806276e_or
iginal.png Graphic file (type png)
<use images/Introduction/tensorflow_dataset/Xception/11944957684_2cc806276e_ori
ginal.png>
Package pdftex.def Info: images/Introduction/tensorflow_dataset/Xception/119449
57684_2cc806276e_original.png  used on input line 388.
(pdftex.def)             Requested size: 56.9055pt x 56.90456pt.
LaTeX Font Info:    No math alphabet change to frozen version normal on input l
ine 388.

Overfull \hbox (6.30954pt too wide) in paragraph at lines 388--388
 []|[]| 
 []

<images/Introduction/tensorflow_dataset/Xception/11944957684_2cc806276e_segment
ed.png, id=246, 300.12125pt x 300.12125pt>
File: images/Introduction/tensorflow_dataset/Xception/11944957684_2cc806276e_se
gmented.png Graphic file (type png)
<use images/Introduction/tensorflow_dataset/Xception/11944957684_2cc806276e_seg
mented.png>
Package pdftex.def Info: images/Introduction/tensorflow_dataset/Xception/119449
57684_2cc806276e_segmented.png  used on input line 388.
(pdftex.def)             Requested size: 56.9055pt x 56.90456pt.
LaTeX Font Info:    No math alphabet change to frozen version normal on input l
ine 388.

Overfull \hbox (6.30954pt too wide) in paragraph at lines 388--388
 []|[]| 
 []

<images/Introduction/tensorflow_dataset/Xception/11944957684_2cc806276e_clean.p
ng, id=247, 300.12125pt x 300.12125pt>
File: images/Introduction/tensorflow_dataset/Xception/11944957684_2cc806276e_cl
ean.png Graphic file (type png)
<use images/Introduction/tensorflow_dataset/Xception/11944957684_2cc806276e_cle
an.png>
Package pdftex.def Info: images/Introduction/tensorflow_dataset/Xception/119449
57684_2cc806276e_clean.png  used on input line 388.
(pdftex.def)             Requested size: 56.9055pt x 56.90456pt.
LaTeX Font Info:    No math alphabet change to frozen version normal on input l
ine 388.

Overfull \hbox (6.30954pt too wide) in paragraph at lines 388--388
 []|[]| 
 []

<images/Introduction/tensorflow_dataset/Xception/11944957684_2cc806276e_hue.png
, id=248, 300.12125pt x 300.12125pt>
File: images/Introduction/tensorflow_dataset/Xception/11944957684_2cc806276e_hu
e.png Graphic file (type png)
<use images/Introduction/tensorflow_dataset/Xception/11944957684_2cc806276e_hue
.png>
Package pdftex.def Info: images/Introduction/tensorflow_dataset/Xception/119449
57684_2cc806276e_hue.png  used on input line 388.
(pdftex.def)             Requested size: 56.9055pt x 56.90456pt.
LaTeX Font Info:    No math alphabet change to frozen version normal on input l
ine 388.

Overfull \hbox (6.30954pt too wide) in paragraph at lines 388--388
 []|[]| 
 []

<images/Introduction/tensorflow_dataset/Xception/11944957684_2cc806276e_blur.pn
g, id=249, 300.12125pt x 300.12125pt>
File: images/Introduction/tensorflow_dataset/Xception/11944957684_2cc806276e_bl
ur.png Graphic file (type png)
<use images/Introduction/tensorflow_dataset/Xception/11944957684_2cc806276e_blu
r.png>
Package pdftex.def Info: images/Introduction/tensorflow_dataset/Xception/119449
57684_2cc806276e_blur.png  used on input line 388.
(pdftex.def)             Requested size: 56.9055pt x 56.90456pt.
LaTeX Font Info:    No math alphabet change to frozen version normal on input l
ine 388.

Overfull \hbox (6.30954pt too wide) in paragraph at lines 388--388
 []|[]| 
 []

<images/Introduction/tensorflow_dataset/Xception/11944957684_2cc806276e_contras
t.png, id=250, 300.12125pt x 300.12125pt>
File: images/Introduction/tensorflow_dataset/Xception/11944957684_2cc806276e_co
ntrast.png Graphic file (type png)
<use images/Introduction/tensorflow_dataset/Xception/11944957684_2cc806276e_con
trast.png>
Package pdftex.def Info: images/Introduction/tensorflow_dataset/Xception/119449
57684_2cc806276e_contrast.png  used on input line 388.
(pdftex.def)             Requested size: 56.9055pt x 56.90456pt.
LaTeX Font Info:    No math alphabet change to frozen version normal on input l
ine 388.

Overfull \hbox (6.30954pt too wide) in paragraph at lines 388--388
 []|[]| 
 []

<images/Introduction/tensorflow_dataset/Xception/11944957684_2cc806276e_compres
sion.png, id=251, 300.12125pt x 300.12125pt>
File: images/Introduction/tensorflow_dataset/Xception/11944957684_2cc806276e_co
mpression.png Graphic file (type png)
<use images/Introduction/tensorflow_dataset/Xception/11944957684_2cc806276e_com
pression.png>
Package pdftex.def Info: images/Introduction/tensorflow_dataset/Xception/119449
57684_2cc806276e_compression.png  used on input line 388.
(pdftex.def)             Requested size: 56.9055pt x 56.90456pt.
LaTeX Font Info:    No math alphabet change to frozen version normal on input l
ine 388.

Overfull \hbox (6.30954pt too wide) in paragraph at lines 388--388
 []|[]| 
 []

LaTeX Font Info:    No math alphabet change to frozen version normal on input l
ine 388.
<images/Introduction/tensorflow_dataset/Inception_V3/11944957684_2cc806276e_ori
ginal.png, id=252, 224.84pt x 224.84pt>
File: images/Introduction/tensorflow_dataset/Inception_V3/11944957684_2cc806276
e_original.png Graphic file (type png)
<use images/Introduction/tensorflow_dataset/Inception_V3/11944957684_2cc806276e
_original.png>
Package pdftex.def Info: images/Introduction/tensorflow_dataset/Inception_V3/11
944957684_2cc806276e_original.png  used on input line 388.
(pdftex.def)             Requested size: 56.9055pt x 56.9063pt.
LaTeX Font Info:    No math alphabet change to frozen version normal on input l
ine 388.

Overfull \hbox (6.30954pt too wide) in paragraph at lines 388--388
 []|[]| 
 []

<images/Introduction/tensorflow_dataset/Inception_V3/11944957684_2cc806276e_seg
mented.png, id=253, 224.84pt x 224.84pt>
File: images/Introduction/tensorflow_dataset/Inception_V3/11944957684_2cc806276
e_segmented.png Graphic file (type png)
<use images/Introduction/tensorflow_dataset/Inception_V3/11944957684_2cc806276e
_segmented.png>
Package pdftex.def Info: images/Introduction/tensorflow_dataset/Inception_V3/11
944957684_2cc806276e_segmented.png  used on input line 388.
(pdftex.def)             Requested size: 56.9055pt x 56.9063pt.
LaTeX Font Info:    No math alphabet change to frozen version normal on input l
ine 388.

Overfull \hbox (6.30954pt too wide) in paragraph at lines 388--388
 []|[]| 
 []

<images/Introduction/tensorflow_dataset/Inception_V3/11944957684_2cc806276e_cle
an.png, id=254, 224.84pt x 224.84pt>
File: images/Introduction/tensorflow_dataset/Inception_V3/11944957684_2cc806276
e_clean.png Graphic file (type png)
<use images/Introduction/tensorflow_dataset/Inception_V3/11944957684_2cc806276e
_clean.png>
Package pdftex.def Info: images/Introduction/tensorflow_dataset/Inception_V3/11
944957684_2cc806276e_clean.png  used on input line 388.
(pdftex.def)             Requested size: 56.9055pt x 56.9063pt.
LaTeX Font Info:    No math alphabet change to frozen version normal on input l
ine 388.

Overfull \hbox (6.30954pt too wide) in paragraph at lines 388--388
 []|[]| 
 []

<images/Introduction/tensorflow_dataset/Inception_V3/11944957684_2cc806276e_hue
.png, id=255, 224.84pt x 224.84pt>
File: images/Introduction/tensorflow_dataset/Inception_V3/11944957684_2cc806276
e_hue.png Graphic file (type png)
<use images/Introduction/tensorflow_dataset/Inception_V3/11944957684_2cc806276e
_hue.png>
Package pdftex.def Info: images/Introduction/tensorflow_dataset/Inception_V3/11
944957684_2cc806276e_hue.png  used on input line 388.
(pdftex.def)             Requested size: 56.9055pt x 56.9063pt.
LaTeX Font Info:    No math alphabet change to frozen version normal on input l
ine 388.

Overfull \hbox (6.30954pt too wide) in paragraph at lines 388--388
 []|[]| 
 []

<images/Introduction/tensorflow_dataset/Inception_V3/11944957684_2cc806276e_blu
r.png, id=256, 224.84pt x 224.84pt>
File: images/Introduction/tensorflow_dataset/Inception_V3/11944957684_2cc806276
e_blur.png Graphic file (type png)
<use images/Introduction/tensorflow_dataset/Inception_V3/11944957684_2cc806276e
_blur.png>
Package pdftex.def Info: images/Introduction/tensorflow_dataset/Inception_V3/11
944957684_2cc806276e_blur.png  used on input line 388.
(pdftex.def)             Requested size: 56.9055pt x 56.9063pt.
LaTeX Font Info:    No math alphabet change to frozen version normal on input l
ine 388.

Overfull \hbox (6.30954pt too wide) in paragraph at lines 388--388
 []|[]| 
 []

<images/Introduction/tensorflow_dataset/Inception_V3/11944957684_2cc806276e_con
trast.png, id=257, 224.84pt x 224.84pt>
File: images/Introduction/tensorflow_dataset/Inception_V3/11944957684_2cc806276
e_contrast.png Graphic file (type png)
<use images/Introduction/tensorflow_dataset/Inception_V3/11944957684_2cc806276e
_contrast.png>
Package pdftex.def Info: images/Introduction/tensorflow_dataset/Inception_V3/11
944957684_2cc806276e_contrast.png  used on input line 388.
(pdftex.def)             Requested size: 56.9055pt x 56.9063pt.
LaTeX Font Info:    No math alphabet change to frozen version normal on input l
ine 388.

Overfull \hbox (6.30954pt too wide) in paragraph at lines 388--388
 []|[]| 
 []

<images/Introduction/tensorflow_dataset/Inception_V3/11944957684_2cc806276e_com
pression.png, id=258, 224.84pt x 224.84pt>
File: images/Introduction/tensorflow_dataset/Inception_V3/11944957684_2cc806276
e_compression.png Graphic file (type png)
<use images/Introduction/tensorflow_dataset/Inception_V3/11944957684_2cc806276e
_compression.png>
Package pdftex.def Info: images/Introduction/tensorflow_dataset/Inception_V3/11
944957684_2cc806276e_compression.png  used on input line 388.
(pdftex.def)             Requested size: 56.9055pt x 56.9063pt.
LaTeX Font Info:    No math alphabet change to frozen version normal on input l
ine 388.

Overfull \hbox (6.30954pt too wide) in paragraph at lines 388--388
 []|[]| 
 []

LaTeX Font Info:    No math alphabet change to frozen version normal on input l
ine 388.
<images/Introduction/FR/Xception/4668543441_79040ca329_n_original.png, id=259, 
300.12125pt x 300.12125pt>
File: images/Introduction/FR/Xception/4668543441_79040ca329_n_original.png Grap
hic file (type png)
<use images/Introduction/FR/Xception/4668543441_79040ca329_n_original.png>
Package pdftex.def Info: images/Introduction/FR/Xception/4668543441_79040ca329_
n_original.png  used on input line 388.
(pdftex.def)             Requested size: 56.9055pt x 56.90456pt.
LaTeX Font Info:    No math alphabet change to frozen version normal on input l
ine 388.

Overfull \hbox (6.30954pt too wide) in paragraph at lines 388--388
 []|[]| 
 []

<images/Introduction/FR/Xception/4668543441_79040ca329_n_segmented.png, id=260,
 300.12125pt x 300.12125pt>
File: images/Introduction/FR/Xception/4668543441_79040ca329_n_segmented.png Gra
phic file (type png)
<use images/Introduction/FR/Xception/4668543441_79040ca329_n_segmented.png>
Package pdftex.def Info: images/Introduction/FR/Xception/4668543441_79040ca329_
n_segmented.png  used on input line 388.
(pdftex.def)             Requested size: 56.9055pt x 56.90456pt.
LaTeX Font Info:    No math alphabet change to frozen version normal on input l
ine 388.

Overfull \hbox (6.30954pt too wide) in paragraph at lines 388--388
 []|[]| 
 []

<images/Introduction/FR/Xception/4668543441_79040ca329_n_clean.png, id=261, 300
.12125pt x 300.12125pt>
File: images/Introduction/FR/Xception/4668543441_79040ca329_n_clean.png Graphic
 file (type png)
<use images/Introduction/FR/Xception/4668543441_79040ca329_n_clean.png>
Package pdftex.def Info: images/Introduction/FR/Xception/4668543441_79040ca329_
n_clean.png  used on input line 388.
(pdftex.def)             Requested size: 56.9055pt x 56.90456pt.
LaTeX Font Info:    No math alphabet change to frozen version normal on input l
ine 388.

Overfull \hbox (6.30954pt too wide) in paragraph at lines 388--388
 []|[]| 
 []

<images/Introduction/FR/Xception/4668543441_79040ca329_n_hue.png, id=262, 300.1
2125pt x 300.12125pt>
File: images/Introduction/FR/Xception/4668543441_79040ca329_n_hue.png Graphic f
ile (type png)
<use images/Introduction/FR/Xception/4668543441_79040ca329_n_hue.png>
Package pdftex.def Info: images/Introduction/FR/Xception/4668543441_79040ca329_
n_hue.png  used on input line 388.
(pdftex.def)             Requested size: 56.9055pt x 56.90456pt.
LaTeX Font Info:    No math alphabet change to frozen version normal on input l
ine 388.

Overfull \hbox (6.30954pt too wide) in paragraph at lines 388--388
 []|[]| 
 []

<images/Introduction/FR/Xception/4668543441_79040ca329_n_blur.png, id=263, 300.
12125pt x 300.12125pt>
File: images/Introduction/FR/Xception/4668543441_79040ca329_n_blur.png Graphic 
file (type png)
<use images/Introduction/FR/Xception/4668543441_79040ca329_n_blur.png>
Package pdftex.def Info: images/Introduction/FR/Xception/4668543441_79040ca329_
n_blur.png  used on input line 388.
(pdftex.def)             Requested size: 56.9055pt x 56.90456pt.
LaTeX Font Info:    No math alphabet change to frozen version normal on input l
ine 388.

Overfull \hbox (6.30954pt too wide) in paragraph at lines 388--388
 []|[]| 
 []

<images/Introduction/FR/Xception/4668543441_79040ca329_n_contrast.png, id=264, 
300.12125pt x 300.12125pt>
File: images/Introduction/FR/Xception/4668543441_79040ca329_n_contrast.png Grap
hic file (type png)
<use images/Introduction/FR/Xception/4668543441_79040ca329_n_contrast.png>
Package pdftex.def Info: images/Introduction/FR/Xception/4668543441_79040ca329_
n_contrast.png  used on input line 388.
(pdftex.def)             Requested size: 56.9055pt x 56.90456pt.
LaTeX Font Info:    No math alphabet change to frozen version normal on input l
ine 388.

Overfull \hbox (6.30954pt too wide) in paragraph at lines 388--388
 []|[]| 
 []

<images/Introduction/FR/Xception/4668543441_79040ca329_n_compression.png, id=26
5, 300.12125pt x 300.12125pt>
File: images/Introduction/FR/Xception/4668543441_79040ca329_n_compression.png G
raphic file (type png)
<use images/Introduction/FR/Xception/4668543441_79040ca329_n_compression.png>
Package pdftex.def Info: images/Introduction/FR/Xception/4668543441_79040ca329_
n_compression.png  used on input line 388.
(pdftex.def)             Requested size: 56.9055pt x 56.90456pt.
LaTeX Font Info:    No math alphabet change to frozen version normal on input l
ine 388.

Overfull \hbox (6.30954pt too wide) in paragraph at lines 388--388
 []|[]| 
 []

LaTeX Font Info:    No math alphabet change to frozen version normal on input l
ine 388.
<images/Introduction/FR/Inception_V3/4668543441_79040ca329_n_original.png, id=2
66, 224.84pt x 224.84pt>
File: images/Introduction/FR/Inception_V3/4668543441_79040ca329_n_original.png 
Graphic file (type png)
<use images/Introduction/FR/Inception_V3/4668543441_79040ca329_n_original.png>
Package pdftex.def Info: images/Introduction/FR/Inception_V3/4668543441_79040ca
329_n_original.png  used on input line 388.
(pdftex.def)             Requested size: 56.9055pt x 56.9063pt.
LaTeX Font Info:    No math alphabet change to frozen version normal on input l
ine 388.

Overfull \hbox (6.30954pt too wide) in paragraph at lines 388--388
 []|[]| 
 []

<images/Introduction/FR/Inception_V3/4668543441_79040ca329_n_segmented.png, id=
267, 224.84pt x 224.84pt>
File: images/Introduction/FR/Inception_V3/4668543441_79040ca329_n_segmented.png
 Graphic file (type png)
<use images/Introduction/FR/Inception_V3/4668543441_79040ca329_n_segmented.png>

Package pdftex.def Info: images/Introduction/FR/Inception_V3/4668543441_79040ca
329_n_segmented.png  used on input line 388.
(pdftex.def)             Requested size: 56.9055pt x 56.9063pt.
LaTeX Font Info:    No math alphabet change to frozen version normal on input l
ine 388.

Overfull \hbox (6.30954pt too wide) in paragraph at lines 388--388
 []|[]| 
 []

<images/Introduction/FR/Inception_V3/4668543441_79040ca329_n_clean.png, id=268,
 224.84pt x 224.84pt>
File: images/Introduction/FR/Inception_V3/4668543441_79040ca329_n_clean.png Gra
phic file (type png)
<use images/Introduction/FR/Inception_V3/4668543441_79040ca329_n_clean.png>
Package pdftex.def Info: images/Introduction/FR/Inception_V3/4668543441_79040ca
329_n_clean.png  used on input line 388.
(pdftex.def)             Requested size: 56.9055pt x 56.9063pt.
LaTeX Font Info:    No math alphabet change to frozen version normal on input l
ine 388.

Overfull \hbox (6.30954pt too wide) in paragraph at lines 388--388
 []|[]| 
 []

<images/Introduction/FR/Inception_V3/4668543441_79040ca329_n_hue.png, id=269, 2
24.84pt x 224.84pt>
File: images/Introduction/FR/Inception_V3/4668543441_79040ca329_n_hue.png Graph
ic file (type png)
<use images/Introduction/FR/Inception_V3/4668543441_79040ca329_n_hue.png>
Package pdftex.def Info: images/Introduction/FR/Inception_V3/4668543441_79040ca
329_n_hue.png  used on input line 388.
(pdftex.def)             Requested size: 56.9055pt x 56.9063pt.
LaTeX Font Info:    No math alphabet change to frozen version normal on input l
ine 388.

Overfull \hbox (6.30954pt too wide) in paragraph at lines 388--388
 []|[]| 
 []

<images/Introduction/FR/Inception_V3/4668543441_79040ca329_n_blur.png, id=270, 
224.84pt x 224.84pt>
File: images/Introduction/FR/Inception_V3/4668543441_79040ca329_n_blur.png Grap
hic file (type png)
<use images/Introduction/FR/Inception_V3/4668543441_79040ca329_n_blur.png>
Package pdftex.def Info: images/Introduction/FR/Inception_V3/4668543441_79040ca
329_n_blur.png  used on input line 388.
(pdftex.def)             Requested size: 56.9055pt x 56.9063pt.
LaTeX Font Info:    No math alphabet change to frozen version normal on input l
ine 388.

Overfull \hbox (6.30954pt too wide) in paragraph at lines 388--388
 []|[]| 
 []

<images/Introduction/FR/Inception_V3/4668543441_79040ca329_n_contrast.png, id=2
71, 224.84pt x 224.84pt>
File: images/Introduction/FR/Inception_V3/4668543441_79040ca329_n_contrast.png 
Graphic file (type png)
<use images/Introduction/FR/Inception_V3/4668543441_79040ca329_n_contrast.png>
Package pdftex.def Info: images/Introduction/FR/Inception_V3/4668543441_79040ca
329_n_contrast.png  used on input line 388.
(pdftex.def)             Requested size: 56.9055pt x 56.9063pt.
LaTeX Font Info:    No math alphabet change to frozen version normal on input l
ine 388.

Overfull \hbox (6.30954pt too wide) in paragraph at lines 388--388
 []|[]| 
 []

<images/Introduction/FR/Inception_V3/4668543441_79040ca329_n_compression.png, i
d=272, 224.84pt x 224.84pt>
File: images/Introduction/FR/Inception_V3/4668543441_79040ca329_n_compression.p
ng Graphic file (type png)
<use images/Introduction/FR/Inception_V3/4668543441_79040ca329_n_compression.pn
g>
Package pdftex.def Info: images/Introduction/FR/Inception_V3/4668543441_79040ca
329_n_compression.png  used on input line 388.
(pdftex.def)             Requested size: 56.9055pt x 56.9063pt.
LaTeX Font Info:    No math alphabet change to frozen version normal on input l
ine 388.

Overfull \hbox (6.30954pt too wide) in paragraph at lines 388--388
 []|[]| 
 []

LaTeX Font Info:    No math alphabet change to frozen version normal on input l
ine 388.
)
LaTeX Font Info:    No math alphabet change to frozen version normal on input l
ine 799.
 [8
pdfTeX warning (ext4): destination with the same identifier (name{table.4}) has
 been already used, duplicate ignored
<argument> ...shipout:D \box_use:N \l_shipout_box 
                                                  \__shipout_drop_firstpage_...
l.799 
       <./images/Introduction/EgyPLI/Xception/IMG_20240710_162039_original.png 
(PNG copy)> <./images/Introduction/EgyPLI/Xception/IMG_20240710_162039_segmente
d.png (PNG copy)> <./images/Introduction/EgyPLI/Xception/IMG_20240710_162039_cl
ean.png (PNG copy)> <./images/Introduction/EgyPLI/Xception/IMG_20240710_162039_
hue.png (PNG copy)> <./images/Introduction/EgyPLI/Xception/IMG_20240710_162039_
blur.png (PNG copy)> <./images/Introduction/EgyPLI/Xception/IMG_20240710_162039
_contrast.png (PNG copy)> <./images/Introduction/EgyPLI/Xception/IMG_20240710_1
62039_compression.png (PNG copy)> <./images/Introduction/EgyPLI/Custom_CNN/IMG_
20240710_162039_original.png (PNG copy)> <./images/Introduction/EgyPLI/Custom_C
NN/IMG_20240710_162039_segmented.png (PNG copy)> <./images/Introduction/EgyPLI/
Custom_CNN/IMG_20240710_162039_clean.png (PNG copy)> <./images/Introduction/Egy
PLI/Custom_CNN/IMG_20240710_162039_hue.png (PNG copy)> <./images/Introduction/E
gyPLI/Custom_CNN/IMG_20240710_162039_blur.png (PNG copy)> <./images/Introductio
n/EgyPLI/Custom_CNN/IMG_20240710_162039_contrast.png (PNG copy)> <./images/Intr
oduction/EgyPLI/Custom_CNN/IMG_20240710_162039_compression.png (PNG copy)> <./i
mages/Introduction/BDML/Xception/IMG_9012_original.png (PNG copy)> <./images/In
troduction/BDML/Xception/IMG_9012_segmented.png (PNG copy)> <./images/Introduct
ion/BDML/Xception/IMG_9012_clean.png (PNG copy)> <./images/Introduction/BDML/Xc
eption/IMG_9012_hue.png (PNG copy)> <./images/Introduction/BDML/Xception/IMG_90
12_blur.png (PNG copy)> <./images/Introduction/BDML/Xception/IMG_9012_contrast.
png (PNG copy)> <./images/Introduction/BDML/Xception/IMG_9012_compression.png (
PNG copy)> <./images/Introduction/BDML/Inception_V3/IMG_9012_original.png (PNG 
copy)> <./images/Introduction/BDML/Inception_V3/IMG_9012_segmented.png (PNG cop
y)> <./images/Introduction/BDML/Inception_V3/IMG_9012_clean.png (PNG copy)> <./
images/Introduction/BDML/Inception_V3/IMG_9012_hue.png (PNG copy)> <./images/In
troduction/BDML/Inception_V3/IMG_9012_blur.png (PNG copy)> <./images/Introducti
on/BDML/Inception_V3/IMG_9012_contrast.png (PNG copy)> <./images/Introduction/B
DML/Inception_V3/IMG_9012_compression.png (PNG copy)>]
LaTeX Font Info:    No math alphabet change to frozen version normal on input l
ine 811.
LaTeX Font Info:    No math alphabet change to frozen version normal on input l
ine 867.
LaTeX Font Info:    No math alphabet change to frozen version normal on input l
ine 867.
LaTeX Font Info:    No math alphabet change to frozen version normal on input l
ine 876.
 [9
pdfTeX warning (ext4): destination with the same identifier (name{table.5}) has
 been already used, duplicate ignored
<argument> ...shipout:D \box_use:N \l_shipout_box 
                                                  \__shipout_drop_firstpage_...
l.876 
       <./images/Introduction/tensorflow_dataset/Xception/11944957684_2cc806276
e_original.png (PNG copy)> <./images/Introduction/tensorflow_dataset/Xception/1
1944957684_2cc806276e_segmented.png (PNG copy)> <./images/Introduction/tensorfl
ow_dataset/Xception/11944957684_2cc806276e_clean.png (PNG copy)> <./images/Intr
oduction/tensorflow_dataset/Xception/11944957684_2cc806276e_hue.png (PNG copy)>
 <./images/Introduction/tensorflow_dataset/Xception/11944957684_2cc806276e_blur
.png (PNG copy)> <./images/Introduction/tensorflow_dataset/Xception/11944957684
_2cc806276e_contrast.png (PNG copy)> <./images/Introduction/tensorflow_dataset/
Xception/11944957684_2cc806276e_compression.png (PNG copy)> <./images/Introduct
ion/tensorflow_dataset/Inception_V3/11944957684_2cc806276e_original.png (PNG co
py)> <./images/Introduction/tensorflow_dataset/Inception_V3/11944957684_2cc8062
76e_segmented.png (PNG copy)> <./images/Introduction/tensorflow_dataset/Incepti
on_V3/11944957684_2cc806276e_clean.png (PNG copy)> <./images/Introduction/tenso
rflow_dataset/Inception_V3/11944957684_2cc806276e_hue.png (PNG copy)> <./images
/Introduction/tensorflow_dataset/Inception_V3/11944957684_2cc806276e_blur.png (
PNG copy)> <./images/Introduction/tensorflow_dataset/Inception_V3/11944957684_2
cc806276e_contrast.png (PNG copy)> <./images/Introduction/tensorflow_dataset/In
ception_V3/11944957684_2cc806276e_compression.png (PNG copy)> <./images/Introdu
ction/FR/Xception/4668543441_79040ca329_n_original.png (PNG copy)> <./images/In
troduction/FR/Xception/4668543441_79040ca329_n_segmented.png (PNG copy)> <./ima
ges/Introduction/FR/Xception/4668543441_79040ca329_n_clean.png (PNG copy)> <./i
mages/Introduction/FR/Xception/4668543441_79040ca329_n_hue.png (PNG copy)> <./i
mages/Introduction/FR/Xception/4668543441_79040ca329_n_blur.png (PNG copy)> <./
images/Introduction/FR/Xception/4668543441_79040ca329_n_contrast.png (PNG copy)
> <./images/Introduction/FR/Xception/4668543441_79040ca329_n_compression.png (P
NG copy)> <./images/Introduction/FR/Inception_V3/4668543441_79040ca329_n_origin
al.png (PNG copy)> <./images/Introduction/FR/Inception_V3/4668543441_79040ca329
_n_segmented.png (PNG copy)> <./images/Introduction/FR/Inception_V3/4668543441_
79040ca329_n_clean.png (PNG copy)> <./images/Introduction/FR/Inception_V3/46685
43441_79040ca329_n_hue.png (PNG copy)> <./images/Introduction/FR/Inception_V3/4
668543441_79040ca329_n_blur.png (PNG copy)> <./images/Introduction/FR/Inception
_V3/4668543441_79040ca329_n_contrast.png (PNG copy)> <./images/Introduction/FR/
Inception_V3/4668543441_79040ca329_n_compression.png (PNG copy)>]
Underfull \hbox (badness 1297) in paragraph at lines 877--878
[]\T1/stix/m/n/10 A sim-i-lar trend is ob-served on the BDML dataset.
 []


Underfull \hbox (badness 1983) in paragraph at lines 877--878
\T1/stix/m/n/10 mean-ing-ful vi-sual ex-pla-na-tions. For ex-am-ple, Xcep-tion
 []


Underfull \hbox (badness 1436) in paragraph at lines 877--878
\T1/stix/m/n/10 achieves lower ac-cu-racy than DenseNet121 but ob-tains
 []

LaTeX Font Info:    No math alphabet change to frozen version normal on input l
ine 882.
[10
pdfTeX warning (ext4): destination with the same identifier (name{table.6}) has
 been already used, duplicate ignored
<argument> ...shipout:D \box_use:N \l_shipout_box 
                                                  \__shipout_drop_firstpage_...
l.882 
      ]
LaTeX Font Info:    No math alphabet change to frozen version normal on input l
ine 889.
LaTeX Font Info:    No math alphabet change to frozen version normal on input l
ine 936.
LaTeX Font Info:    No math alphabet change to frozen version normal on input l
ine 942.
LaTeX Font Info:    No math alphabet change to frozen version normal on input l
ine 990.
LaTeX Font Info:    No math alphabet change to frozen version normal on input l
ine 995.
LaTeX Font Info:    No math alphabet change to frozen version normal on input l
ine 1042.
LaTeX Font Info:    No math alphabet change to frozen version normal on input l
ine 1048.
LaTeX Font Info:    No math alphabet change to frozen version normal on input l
ine 1091.
LaTeX Font Info:    No math alphabet change to frozen version normal on input l
ine 1110.
LaTeX Font Info:    No math alphabet change to frozen version normal on input l
ine 1157.
LaTeX Font Info:    No math alphabet change to frozen version normal on input l
ine 1158.
 [11
pdfTeX warning (ext4): destination with the same identifier (name{table.7}) has
 been already used, duplicate ignored
<argument> ...shipout:D \box_use:N \l_shipout_box 
                                                  \__shipout_drop_firstpage_...
l.1158 \end{table*}
                   
pdfTeX warning (ext4): destination with the same identifier (name{table.8}) has
 been already used, duplicate ignored
<argument> ...shipout:D \box_use:N \l_shipout_box 
                                                  \__shipout_drop_firstpage_...
l.1158 \end{table*}
                   ]
LaTeX Font Info:    No math alphabet change to frozen version normal on input l
ine 1162.
LaTeX Font Info:    No math alphabet change to frozen version normal on input l
ine 1209.
LaTeX Font Info:    No math alphabet change to frozen version normal on input l
ine 1215.
LaTeX Font Info:    No math alphabet change to frozen version normal on input l
ine 1262.
LaTeX Font Info:    No math alphabet change to frozen version normal on input l
ine 1268.
LaTeX Font Info:    No math alphabet change to frozen version normal on input l
ine 1311.

Underfull \hbox (badness 1194) in paragraph at lines 1319--1320
\T1/stix/m/n/10 LMOS sta-bil-ity (0.8565), closely fol-lowed by Xcep-tion
 []


Overfull \hbox (0.42549pt too wide) in paragraph at lines 1321--1322
\T1/stix/m/n/10 lowed by DenseNet121 (0.8897) and Mo-bileNetV2 (0.8682).
 []


Underfull \hbox (badness 1701) in paragraph at lines 1323--1324
\T1/stix/m/n/10 con-firms these ob-ser-va-tions. Xcep-tion has ranked first,
 []

LaTeX Font Info:    No math alphabet change to frozen version normal on input l
ine 1328.
LaTeX Font Info:    No math alphabet change to frozen version normal on input l
ine 1375.
LaTeX Font Info:    No math alphabet change to frozen version normal on input l
ine 1380.
LaTeX Font Info:    No math alphabet change to frozen version normal on input l
ine 1427.
LaTeX Font Info:    No math alphabet change to frozen version normal on input l
ine 1432.
LaTeX Font Info:    No math alphabet change to frozen version normal on input l
ine 1479.
LaTeX Font Info:    No math alphabet change to frozen version normal on input l
ine 1485.
LaTeX Font Info:    No math alphabet change to frozen version normal on input l
ine 1528.

Underfull \hbox (badness 1708) in paragraph at lines 1534--1535
\T1/stix/m/n/10 the com-ple-men-tary roles of pre-dic-tion and ex-pla-na-tion
 []


Underfull \hbox (badness 2253) in paragraph at lines 1534--1535
\T1/stix/m/n/10 Res-NetV2 (0.9783). Most pre-trained ar-chi-tec-tures have
 []


Overfull \hbox (4.31546pt too wide) in paragraph at lines 1536--1537
\T1/stix/m/n/10 high-est mean LMOS sta-bil-ity (0.8741), fol-lowed by ResNet50
 []

LaTeX Font Info:    No math alphabet change to frozen version normal on input l
ine 1537.
[12
pdfTeX warning (ext4): destination with the same identifier (name{table.9}) has
 been already used, duplicate ignored
<argument> ...shipout:D \box_use:N \l_shipout_box 
                                                  \__shipout_drop_firstpage_...
l.1537 
       
pdfTeX warning (ext4): destination with the same identifier (name{table.10}) ha
s been already used, duplicate ignored
<argument> ...shipout:D \box_use:N \l_shipout_box 
                                                  \__shipout_drop_firstpage_...
l.1537 
       ]
Overfull \hbox (0.4763pt too wide) in paragraph at lines 1538--1539
[]\T1/stix/m/n/10 Combining the two sta-bil-ity com-po-nents, Ta-ble [][]17[][]
 shows
 []


Underfull \hbox (badness 2707) in paragraph at lines 1538--1539
\T1/stix/m/n/10 In-cep-tion-Res-NetV2 (0.8900). Xcep-tion has con-sis-tently
 []


Underfull \hbox (badness 1810) in paragraph at lines 1540--1541
\T1/stix/m/n/10 con-firms the im-por-tance of in-cor-po-rat-ing both com-po-
 []


Underfull \hbox (badness 1968) in paragraph at lines 1540--1541
\T1/stix/m/n/10 sub-stan-tially re-duces the re-sult-ing score, demon-strat-ing

 []

LaTeX Font Info:    No math alphabet change to frozen version normal on input l
ine 1545.
LaTeX Font Info:    No math alphabet change to frozen version normal on input l
ine 1592.
LaTeX Font Info:    No math alphabet change to frozen version normal on input l
ine 1597.
LaTeX Font Info:    No math alphabet change to frozen version normal on input l
ine 1644.
LaTeX Font Info:    No math alphabet change to frozen version normal on input l
ine 1649.
LaTeX Font Info:    No math alphabet change to frozen version normal on input l
ine 1696.
LaTeX Font Info:    No math alphabet change to frozen version normal on input l
ine 1702.
LaTeX Font Info:    No math alphabet change to frozen version normal on input l
ine 1745.
LaTeX Font Info:    No math alphabet change to frozen version normal on input l
ine 1752.
[13
pdfTeX warning (ext4): destination with the same identifier (name{table.11}) ha
s been already used, duplicate ignored
<argument> ...shipout:D \box_use:N \l_shipout_box 
                                                  \__shipout_drop_firstpage_...
l.1752 
       
pdfTeX warning (ext4): destination with the same identifier (name{table.12}) ha
s been already used, duplicate ignored
<argument> ...shipout:D \box_use:N \l_shipout_box 
                                                  \__shipout_drop_firstpage_...
l.1752 
       
pdfTeX warning (ext4): destination with the same identifier (name{table.13}) ha
s been already used, duplicate ignored
<argument> ...shipout:D \box_use:N \l_shipout_box 
                                                  \__shipout_drop_firstpage_...
l.1752 
       
pdfTeX warning (ext4): destination with the same identifier (name{table.14}) ha
s been already used, duplicate ignored
<argument> ...shipout:D \box_use:N \l_shipout_box 
                                                  \__shipout_drop_firstpage_...
l.1752 
       ]
Overfull \hbox (0.6563pt too wide) in paragraph at lines 1755--1756
[]\T1/stix/m/n/10 By com-bin-ing both sta-bil-ity com-po-nents, Ta-ble [][]21[]
[] shows
 []


Underfull \hbox (badness 2042) in paragraph at lines 1755--1756
\T1/stix/m/n/10 fol-lowed by DenseNet121 (0.9393), In-cep-tion-Res-NetV2
 []

LaTeX Font Info:    No math alphabet change to frozen version normal on input l
ine 1756.
[14
pdfTeX warning (ext4): destination with the same identifier (name{table.15}) ha
s been already used, duplicate ignored
<argument> ...shipout:D \box_use:N \l_shipout_box 
                                                  \__shipout_drop_firstpage_...
l.1756 
       
pdfTeX warning (ext4): destination with the same identifier (name{table.16}) ha
s been already used, duplicate ignored
<argument> ...shipout:D \box_use:N \l_shipout_box 
                                                  \__shipout_drop_firstpage_...
l.1756 
       
pdfTeX warning (ext4): destination with the same identifier (name{table.17}) ha
s been already used, duplicate ignored
<argument> ...shipout:D \box_use:N \l_shipout_box 
                                                  \__shipout_drop_firstpage_...
l.1756 
       
pdfTeX warning (ext4): destination with the same identifier (name{table.18}) ha
s been already used, duplicate ignored
<argument> ...shipout:D \box_use:N \l_shipout_box 
                                                  \__shipout_drop_firstpage_...
l.1756 
       ]
Underfull \hbox (badness 1394) in paragraph at lines 1757--1758
\T1/stix/m/n/10 ResNet50 has achieved a rel-a-tively high LMOS sta-bil-
 []

LaTeX Font Info:    No math alphabet change to frozen version normal on input l
ine 1762.
[15
pdfTeX warning (ext4): destination with the same identifier (name{table.19}) ha
s been already used, duplicate ignored
<argument> ...shipout:D \box_use:N \l_shipout_box 
                                                  \__shipout_drop_firstpage_...
l.1762 
       
pdfTeX warning (ext4): destination with the same identifier (name{table.20}) ha
s been already used, duplicate ignored
<argument> ...shipout:D \box_use:N \l_shipout_box 
                                                  \__shipout_drop_firstpage_...
l.1762 
       
pdfTeX warning (ext4): destination with the same identifier (name{table.21}) ha
s been already used, duplicate ignored
<argument> ...shipout:D \box_use:N \l_shipout_box 
                                                  \__shipout_drop_firstpage_...
l.1762 
       
pdfTeX warning (ext4): destination with the same identifier (name{table.22}) ha
s been already used, duplicate ignored
<argument> ...shipout:D \box_use:N \l_shipout_box 
                                                  \__shipout_drop_firstpage_...
l.1762 
       ]
Overfull \hbox (2.3472pt too wide) in paragraph at lines 1763--1764
\T1/stix/m/n/10 and 0.8657, re-spec-tively, while Xcep-tion has achieved 0.8791

 []


Underfull \hbox (badness 1701) in paragraph at lines 1763--1764
\T1/stix/m/n/10 si-fi-ca-tion ac-cu-racy and lo-cal-iza-tion qual-ity on the le
af
 []


Underfull \hbox (badness 1377) in paragraph at lines 1775--1776
[]\T1/stix/m/n/10 Overall, the cross-dataset anal-y-sis demon-strates that
 []


Underfull \hbox (badness 1052) in paragraph at lines 1775--1776
\T1/stix/m/n/10 sub-stan-tially weaker ex-pla-na-tion qual-ity and ro-bust-ness
.
 []

LaTeX Font Info:    No math alphabet change to frozen version normal on input l
ine 1781.
[16]
LaTeX Font Info:    Nested math: keeping math alphabet allocation in version no
rmal on input line 1797.
LaTeX Font Info:    No math alphabet change to frozen version normal on input l
ine 1797.
LaTeX Font Info:    No math alphabet change to frozen version normal on input l
ine 1797.
LaTeX Font Info:    No math alphabet change to frozen version normal on input l
ine 1800.

Underfull \hbox (badness 1946) in paragraph at lines 1804--1809
\T1/stix/m/n/10 Hendrycks and Di-et-terich [[]] es-tab-lished foun-da-tional
 []


Underfull \hbox (badness 1072) in paragraph at lines 1804--1809
\T1/stix/m/n/10 and per-tur-ba-tions. Ex-tend-ing this, Schnei-der et al. [[]]
 []


Underfull \hbox (badness 1168) in paragraph at lines 1804--1809
\T1/stix/m/n/10 al. [[]] in-ves-ti-gated ad-ver-sar-ial and nat-u-ral dis-tri-b
u-tion
 []

LaTeX Font Info:    No math alphabet change to frozen version normal on input l
ine 1812.
LaTeX Font Info:    No math alphabet change to frozen version normal on input l
ine 1813.
LaTeX Font Info:    No math alphabet change to frozen version normal on input l
ine 1814.
LaTeX Font Info:    No math alphabet change to frozen version normal on input l
ine 1826.
LaTeX Font Info:    No math alphabet change to frozen version normal on input l
ine 1830.
LaTeX Font Info:    No math alphabet change to frozen version normal on input l
ine 1830.
LaTeX Font Info:    No math alphabet change to frozen version normal on input l
ine 1830.
LaTeX Font Info:    No math alphabet change to frozen version normal on input l
ine 1838.
[17]
LaTeX Font Info:    Font shape `T1/zi4/m/n' will be
(Font)              scaled to size 8.50006pt on input line 1855.
LaTeX Font Info:    No math alphabet change to frozen version normal on input l
ine 1858.

Overfull \hbox (3.16129pt too wide) in paragraph at lines 1860--1861
\T1/stix/m/n/10 Draft, Writ-ing ^^U Re-view & Edit-ing. \T1/stix/b/n/10 Az-main
 In-quaid Haque:
 []


Underfull \hbox (badness 1509) in paragraph at lines 1860--1861
\T1/stix/m/n/10 In-ves-ti-ga-tion, Data Cu-ra-tion, Soft-ware, Val-i-da-tion. \
T1/stix/b/n/10 Md.
 []


Underfull \hbox (badness 1931) in paragraph at lines 1860--1861
\T1/stix/b/n/10 Naz-mul Ab-dal: \T1/stix/m/n/10 Data Cu-ra-tion. \T1/stix/b/n/1
0 Ab-dul-lah Al No-man:
 []

(master.bbl
LaTeX Font Info:    No math alphabet change to frozen version normal on input l
ine 90.
 [18]
LaTeX Font Info:    No math alphabet change to frozen version normal on input l
ine 150.

Underfull \hbox (badness 2772) in paragraph at lines 149--152
[]\T1/stix/m/n/8 T. T. Team, ``Flow-ers.'' [][]$\T1/zi4/m/n/8 http : / / downlo
ad . tensorflow . org / example _
 []


Underfull \hbox (badness 10000) in paragraph at lines 154--157
[]\T1/stix/m/n/8 A. Ma-maev, ``Flow-ers recog-ni-tion | kag-gle,'' 2018.
 []


Underfull \hbox (badness 10000) in paragraph at lines 154--157
\T1/stix/m/n/8 https://www.kaggle.com/datasets/alxmamaev/flowers-recognition
 []


Underfull \hbox (badness 7759) in paragraph at lines 216--220
[]\T1/stix/m/n/8 N. Sri-vas-tava, G. Hin-ton, A. Krizhevsky, I. Sutskever, and
 []


Underfull \hbox (badness 2334) in paragraph at lines 259--262
[]\T1/stix/m/n/8 V. Pet-siuk, A. Das, and K. Saenko, ``Rise: Ran-dom-ized in-pu
t
 []


Underfull \hbox (badness 2460) in paragraph at lines 259--262
\T1/stix/m/n/8 sam-pling for ex-pla-na-tion of black-box mod-els,'' \T1/stix/m/
it/8 arXiv preprint
 []


Underfull \hbox (badness 1939) in paragraph at lines 291--294
[]\T1/stix/m/n/8 B. Singh, R. P. Sharma, and S. Dey, ``In-ter-pretable plant le
af
 []


Underfull \hbox (badness 2197) in paragraph at lines 291--294
\T1/stix/m/n/8 dis-ease de-tec-tion us-ing attention-enhanced cnn,'' \T1/stix/m
/it/8 arXiv preprint
 []

LaTeX Font Info:    No math alphabet change to frozen version normal on input l
ine 294.
[19]
Underfull \hbox (badness 1253) in paragraph at lines 303--305
[]\T1/stix/m/n/8 G. Zheng, W. Ye, and A. Zhang, ``Short-cut-probe: Prob-ing pre
-
 []


Underfull \hbox (badness 5847) in paragraph at lines 303--305
\T1/stix/m/n/8 dic-tion short-cuts for learn-ing ro-bust mod-els,'' \T1/stix/m/
it/8 arXiv preprint
 []

)
LaTeX Font Info:    No math alphabet change to frozen version normal on input l
ine 1876.
 [20
pdfTeX warning (ext4): destination with the same identifier (name{figure.1}) ha
s been already used, duplicate ignored
<argument> ...shipout:D \box_use:N \l_shipout_box 
                                                  \__shipout_drop_firstpage_...
l.1876 \end{document}
                      <./images/figure1.pdf>] (master.aux)
 ***********
LaTeX2e <2026-06-01>
L3 programming layer <2026-07-20>
 ***********
Package rerunfilecheck Info: File `master.out' has not changed.
(rerunfilecheck)             Checksum: D41D8CD98F00B204E9800998ECF8427E;0.
 ) 
Here is how much of TeX's memory you used:
 32386 strings out of 467501
 669319 string characters out of 5408550
 1073625 words of memory out of 5000000
 60955 multiletter control sequences out of 15000+600000
 740306 words of font info for 186 fonts, out of 8000000 for 9000
 1141 hyphenation exceptions out of 8191
 92i,21n,98p,1637b,1370s stack positions out of 10000i,1000n,20000p,200000b,200000s
<C:/Users/samin/AppData/Local/Programs/MiKTeX/fonts/type1/public/inconsolata/
Inconsolata-zi4r.pfb><C:/Users/samin/AppData/Local/Programs/MiKTeX/fonts/type1/
public/stix/STIXGeneral-Bold.pfb><C:/Users/samin/AppData/Local/Programs/MiKTeX/
fonts/type1/public/stix/STIXGeneral-Italic.pfb><C:/Users/samin/AppData/Local/Pr
ograms/MiKTeX/fonts/type1/public/stix/STIXGeneral-Regular.pfb><C:/Users/samin/A
ppData/Local/Programs/MiKTeX/fonts/type1/public/doublestroke/dsrom10.pfb><C:/Us
ers/samin/AppData/Local/Programs/MiKTeX/fonts/type1/public/cm-super/sfsi0900.pf
b><C:/Users/samin/AppData/Local/Programs/MiKTeX/fonts/type1/public/cm-super/sfs
s0800.pfb><C:/Users/samin/AppData/Local/Programs/MiKTeX/fonts/type1/public/cm-s
uper/sfss0900.pfb><C:/Users/samin/AppData/Local/Programs/MiKTeX/fonts/type1/pub
lic/cm-super/sfsx0800.pfb><C:/Users/samin/AppData/Local/Programs/MiKTeX/fonts/t
ype1/public/cm-super/sfsx0900.pfb><C:/Users/samin/AppData/Local/Programs/MiKTeX
/fonts/type1/public/stix/stix-mathbb.pfb><C:/Users/samin/AppData/Local/Programs
/MiKTeX/fonts/type1/public/stix/stix-mathcal.pfb><C:/Users/samin/AppData/Local/
Programs/MiKTeX/fonts/type1/public/stix/stix-mathex.pfb><C:/Users/samin/AppData
/Local/Programs/MiKTeX/fonts/type1/public/stix/stix-mathit.pfb><C:/Users/samin/
AppData/Local/Programs/MiKTeX/fonts/type1/public/stix/stix-mathrm-bold.pfb><C:/
Users/samin/AppData/Local/Programs/MiKTeX/fonts/type1/public/stix/stix-mathrm.p
fb><C:/Users/samin/AppData/Local/Programs/MiKTeX/fonts/type1/public/stix/stix-m
athscr.pfb>
Output written on master.pdf (20 pages, 9133939 bytes).
PDF statistics:
 564 PDF objects out of 1000 (max. 8388607)
 140 named destinations out of 1000 (max. 500000)
 448 words of extra memory for PDF output out of 10000 (max. 10000000)

